doi,pmid,Field,has_blot,Include_Img,ExclReason_Img
10.1016/j.cub.2021.07.030,34358443.0,cellbio,False,,
10.1016/j.cub.2021.07.031,34358445.0,cellbio,False,,
10.1080/15548627.2021.1954457,34338142.0,cellbio,False,,
10.1186/s13287-021-02369-8,34332630.0,cellbio,False,,
10.1186/s13287-021-02479-3,34332643.0,cellbio,True,1.0,99.0
10.1007/s00018-021-03906-7,34333711.0,cellbio,False,,
10.1007/s13238-021-00864-5,34331666.0,cellbio,True,1.0,99.0
10.1038/s41419-021-04043-6,34330894.0,cellbio,True,1.0,99.0
10.1038/s41388-021-01967-3,34333552.0,cellbio,True,1.0,99.0
10.1038/s41419-021-04049-0,34333522.0,cellbio,False,,
10.1038/s41388-021-01959-3,34333551.0,cellbio,True,1.0,99.0
10.1038/s41419-021-04048-1,34333527.0,cellbio,True,1.0,99.0
10.1038/s41419-021-04040-9,34333526.0,cellbio,True,1.0,99.0
10.1016/j.molcel.2021.07.020,34375581.0,cellbio,True,0.0,22.0
10.1016/j.molcel.2021.07.021,34375582.0,cellbio,True,1.0,99.0
10.1016/j.stem.2021.07.004,34358441.0,cellbio,False,,
10.1016/j.molcel.2021.07.011,34352205.0,cellbio,False,,
10.1093/plcell/koab197,,cellbio,False,,
10.1038/s41388-021-01952-w,34331016.0,cellbio,True,0.0,23.0
10.1083/jcb.202105043,34328510.0,cellbio,False,,
10.1038/s41418-021-00829-5,34331026.0,cellbio,True,0.0,23.0
10.1038/s41388-021-01977-1,34331015.0,cellbio,False,,
10.1016/j.cub.2021.07.003,34331858.0,cellbio,False,,
10.1038/s41392-021-00624-1,34326309.0,cellbio,True,0.0,23.0
10.1038/s41392-021-00697-y,34330887.0,cellbio,False,,
10.1038/s41419-021-04026-7,34330893.0,cellbio,True,1.0,99.0
10.1111/acel.13412,34327802.0,cellbio,False,,
10.1038/s41388-021-01926-y,34331013.0,cellbio,True,1.0,99.0
10.1016/j.devcel.2021.07.003,34331868.0,cellbio,False,,
10.1016/j.devcel.2021.06.019,34331869.0,cellbio,True,1.0,99.0
10.1038/s41591-021-01469-5,34331051.0,cellbio,False,,
10.1038/s41388-021-01945-9,34331011.0,cellbio,True,1.0,99.0
10.15252/embr.202152878,34328245.0,cellbio,True,1.0,99.0
10.1038/s41419-021-04031-w,34330892.0,cellbio,False,,
10.1038/s41419-021-04041-8,34330891.0,cellbio,True,1.0,99.0
10.1038/s41388-021-01976-2,34326469.0,cellbio,False,,
10.1083/jcb.202103003,34328499.0,cellbio,True,1.0,99.0
10.1038/s41392-021-00709-x,34330889.0,cellbio,False,,
10.1038/s41388-021-01951-x,34331012.0,cellbio,True,1.0,99.0
10.15252/embr.202153251,34328708.0,cellbio,False,,
10.1111/acel.13446,34327811.0,cellbio,True,1.0,99.0
10.1038/s41388-021-01970-8,34331014.0,cellbio,True,1.0,99.0
10.1016/j.cub.2021.07.022,34388371.0,cellbio,False,,
10.1038/d41591-021-00049-x,34326543.0,cellbio,False,,
10.1016/j.stemcr.2021.07.003,34329597.0,cellbio,False,,
10.1016/j.cub.2021.07.004,34329591.0,cellbio,True,1.0,99.0
10.1016/j.stemcr.2021.07.001,34329594.0,cellbio,False,,
10.1016/j.cub.2021.06.080,34329590.0,cellbio,False,,
10.1016/j.stemcr.2021.07.004,34329595.0,cellbio,False,,
10.1093/plcell/koab195,,cellbio,False,,
10.1093/plcell/koab194,34323980.0,cellbio,True,1.0,99.0
10.1093/plcell/koab193,34323976.0,cellbio,False,,
10.1038/s41419-021-04039-2,34326320.0,cellbio,True,1.0,99.0
10.1016/j.stemcr.2021.06.016,34329598.0,cellbio,False,,
10.1038/s41419-021-04038-3,34326314.0,cellbio,True,1.0,99.0
10.1038/s41388-021-01953-9,34326468.0,cellbio,False,,
10.1016/j.ccell.2021.07.002,34329585.0,cellbio,False,,
10.1038/s41392-021-00705-1,34326313.0,cellbio,False,,
10.1038/s41591-021-01451-1,34326550.0,cellbio,False,,
10.1016/j.stemcr.2021.06.017,34329593.0,cellbio,True,1.0,99.0
10.1038/s41556-021-00722-w,34326481.0,cellbio,True,1.0,99.0
10.1016/j.ccell.2021.07.004,34329587.0,cellbio,False,,
10.1016/j.ccell.2021.07.018,34433075.0,cellbio,False,,
10.15252/embr.202051872,34324787.0,cellbio,True,1.0,99.0
10.1111/cpr.13104,34323331.0,cellbio,True,1.0,99.0
10.1016/j.cub.2021.07.002,34329588.0,cellbio,False,,
10.1038/s41419-021-04036-5,34321458.0,cellbio,True,1.0,99.0
10.1038/s41388-021-01969-1,34326467.0,cellbio,True,1.0,99.0
10.15252/embj.2021108588,34323299.0,cellbio,True,1.0,99.0
10.15252/embr.202051328,34323351.0,cellbio,True,1.0,99.0
10.1083/jcb.202012144,34324632.0,cellbio,False,,
10.1083/jcb.202010077,34323919.0,cellbio,True,0.0,23.0
10.1083/jcb.202011071,34323918.0,cellbio,True,0.0,23.0
10.1016/j.ccell.2021.07.003,34329586.0,cellbio,True,1.0,99.0
10.1038/s41392-021-00703-3,34326311.0,cellbio,False,,
10.1016/j.stemcr.2021.07.002,34329596.0,cellbio,False,,
10.1038/s41591-021-01461-z,34326551.0,cellbio,False,,
10.1016/j.cub.2021.06.038,34329592.0,cellbio,False,,
10.1016/j.cmet.2021.07.007,34329568.0,cellbio,True,1.0,99.0
10.1111/cpr.13103,34323338.0,cellbio,False,,
10.1038/s41392-021-00712-2,34326308.0,cellbio,False,,
10.15252/embr.202051781,34323349.0,cellbio,True,1.0,99.0
10.1016/j.cub.2021.07.019,34348120.0,cellbio,False,,
10.1016/j.stem.2021.07.003,34343492.0,cellbio,False,,
10.1016/j.stem.2021.07.002,34343491.0,cellbio,False,,
10.1186/s13287-021-02510-7,34321099.0,cellbio,False,,
10.1186/s13287-021-02476-6,34321089.0,cellbio,False,,
10.1126/scitranslmed.abc8922,34321321.0,cellbio,True,1.0,99.0
10.1126/scitranslmed.aba9796,34321322.0,cellbio,True,1.0,99.0
10.1016/j.cub.2021.06.068,34324835.0,cellbio,False,,
10.1007/s00018-021-03905-8,34322715.0,cellbio,False,,
10.1126/scitranslmed.abe1923,34321318.0,cellbio,True,1.0,99.0
10.1186/s13287-021-02507-2,34321073.0,cellbio,True,1.0,99.0
10.1126/scitranslmed.abb1069,34321317.0,cellbio,False,,
10.1007/s13238-021-00855-6,34319535.0,cellbio,False,,
10.1126/scitranslmed.abj2138,34321319.0,cellbio,True,1.0,99.0
10.1016/j.cub.2021.06.085,34324833.0,cellbio,False,,
10.15252/embr.202153619,34322986.0,cellbio,False,,
10.1126/scitranslmed.aax8891,34321320.0,cellbio,True,1.0,99.0
10.1038/s41392-021-00706-0,34321457.0,cellbio,False,,
10.1038/s41419-021-04033-8,34321456.0,cellbio,True,1.0,99.0
10.1016/j.devcel.2021.07.002,34324859.0,cellbio,False,,
10.1038/s41392-021-00609-0,34315854.0,cellbio,False,,
10.1038/s41419-021-04024-9,34321461.0,cellbio,True,1.0,99.0
10.1016/j.cub.2021.06.090,34324832.0,cellbio,True,0.0,21.0
10.1038/s41388-021-01971-7,34321604.0,cellbio,True,1.0,99.0
10.1016/j.cell.2021.07.001,34324837.0,cellbio,True,1.0,99.0
10.1038/s41388-021-01954-8,34321603.0,cellbio,True,1.0,99.0
10.1038/s41419-021-04010-1,34321465.0,cellbio,True,1.0,99.0
10.1016/j.molcel.2021.06.026,34324863.0,cellbio,True,1.0,99.0
10.1186/s13287-021-02506-3,34321079.0,cellbio,True,1.0,99.0
10.1016/j.celrep.2021.109530,34380018.0,cellbio,True,0.0,23.0
10.1016/j.celrep.2021.109527,34348131.0,cellbio,False,,
10.1016/j.ccell.2021.07.007,34358448.0,cellbio,False,,
10.1016/j.molcel.2021.07.006,34348091.0,cellbio,True,0.0,23.0
10.1080/15548627.2021.1953262,34328055.0,cellbio,True,1.0,99.0
10.1016/j.cub.2021.07.017,34331859.0,cellbio,False,,
10.1126/scisignal.abl5247,,cellbio,False,,
10.1126/scisignal.abg3555,34315807.0,cellbio,True,1.0,99.0
10.1016/j.celrep.2021.109441,34320349.0,cellbio,True,1.0,99.0
10.1126/scitranslmed.abh0755,34315826.0,cellbio,False,,
10.1126/scisignal.abc1940,34315806.0,cellbio,True,1.0,99.0
10.1126/scitranslmed.abi4547,34315825.0,cellbio,False,,
10.1016/j.molcel.2021.07.004,34320406.0,cellbio,True,1.0,99.0
10.1016/j.celrep.2021.109457,34320343.0,cellbio,False,,
10.1186/s13287-021-02395-6,34315534.0,cellbio,False,,
10.1186/s13287-021-02449-9,34315544.0,cellbio,True,1.0,99.0
10.1186/s13287-021-02502-7,34315546.0,cellbio,False,,
10.1080/15548627.2021.1945220,34313551.0,cellbio,True,1.0,99.0
10.1080/15548627.2021.1954779,34313548.0,cellbio,True,1.0,99.0
10.1080/15548627.2021.1953267,34313536.0,cellbio,False,,
10.1080/15548627.2021.1953848,34313530.0,cellbio,False,,
10.1080/15548627.2021.1954773,34313529.0,cellbio,True,1.0,99.0
10.1038/s41421-021-00295-w,34315862.0,cellbio,False,,
10.1038/s41419-021-04029-4,34315868.0,cellbio,False,,
10.1111/acel.13445,34312982.0,cellbio,False,,
10.1016/j.molcel.2021.07.002,34320405.0,cellbio,True,0.0,22.0
10.1016/j.cell.2021.07.004,34320407.0,cellbio,True,1.0,99.0
10.1038/s41421-021-00308-8,34315866.0,cellbio,False,,
10.1038/s41421-021-00294-x,34315869.0,cellbio,False,,
10.1016/j.celrep.2021.109449,34320359.0,cellbio,False,,
10.1016/j.ceca.2021.102450,34375924.0,cellbio,False,,
10.1038/s41556-021-00741-7,34316048.0,cellbio,False,,
10.15252/embj.2021108004,34313341.0,cellbio,True,1.0,99.0
10.1038/s41388-021-01961-9,34316028.0,cellbio,True,1.0,99.0
10.15252/embr.202052320,34312949.0,cellbio,True,0.0,22.0
10.1038/s41419-021-04017-8,34315849.0,cellbio,False,,
10.1038/s41419-021-04025-8,34315852.0,cellbio,True,1.0,99.0
10.1038/s41419-021-04005-y,34315857.0,cellbio,True,1.0,99.0
10.1038/s41392-021-00695-0,34315848.0,cellbio,False,,
10.1038/s41419-021-04027-6,34315855.0,cellbio,True,1.0,99.0
10.1038/s41419-021-04032-9,34315861.0,cellbio,True,1.0,99.0
10.1038/s41392-021-00704-2,34315847.0,cellbio,True,0.0,23.0
10.1038/s41419-021-04016-9,34315853.0,cellbio,True,1.0,99.0
10.1016/j.cell.2021.07.030,34508652.0,cellbio,False,,
10.1016/j.celrep.2021.109448,34320358.0,cellbio,True,1.0,99.0
10.1016/j.ccell.2021.07.016,34348121.0,cellbio,False,,
10.15252/embj.2020106914,34313336.0,cellbio,False,,
10.15252/embr.202152972,34314090.0,cellbio,False,,
10.1016/j.ceca.2021.102451,34343855.0,cellbio,False,,
10.1111/acel.13444,34313391.0,cellbio,True,1.0,99.0
10.15252/embr.202153496,34313382.0,cellbio,False,,
10.1038/s41422-021-00537-2,34316001.0,cellbio,False,,
10.1038/s41421-021-00284-z,34312373.0,cellbio,True,1.0,99.0
10.1111/cpr.13094,34312932.0,cellbio,True,1.0,99.0
10.1016/j.cub.2021.06.078,34314677.0,cellbio,True,1.0,99.0
10.1016/j.cell.2021.07.003,34314701.0,cellbio,True,1.0,99.0
10.15252/embj.2021108498,34309047.0,cellbio,True,1.0,99.0
10.1038/s41594-021-00639-w,34312538.0,cellbio,False,,
10.1038/s41591-021-01463-x,34312555.0,cellbio,False,,
10.15252/embr.202051806,34309175.0,cellbio,True,1.0,99.0
10.1016/j.cub.2021.06.079,34314678.0,cellbio,False,,
10.1016/j.cub.2021.06.094,34314675.0,cellbio,False,,
10.1038/s41594-021-00626-1,34312537.0,cellbio,True,1.0,99.0
10.15252/embr.202152507,34309183.0,cellbio,False,,
10.1038/s41419-021-04028-5,34312368.0,cellbio,True,1.0,99.0
10.1111/cpr.13102,34309110.0,cellbio,False,,
10.1016/j.cub.2021.06.062,34314676.0,cellbio,True,0.0,22.0
10.1016/j.cub.2021.06.064,34314674.0,cellbio,False,,
10.15252/embr.202052190,34309165.0,cellbio,True,1.0,99.0
10.1083/jcb.202101075,34309628.0,cellbio,True,1.0,99.0
10.1038/s41591-021-01436-0,34312556.0,cellbio,False,,
10.1038/s41591-021-01458-8,34312557.0,cellbio,False,,
10.1016/j.molcel.2021.06.032,34314700.0,cellbio,True,1.0,99.0
10.1038/s41591-021-01464-w,34312554.0,cellbio,False,,
10.1016/j.molcel.2021.06.024,34314699.0,cellbio,False,,
10.15252/embj.2020107336,34309071.0,cellbio,False,,
10.1016/j.cell.2021.07.005,34314702.0,cellbio,True,1.0,99.0
10.1038/s41388-021-01942-y,34312489.0,cellbio,True,0.0,23.0
10.1016/j.cub.2021.06.076,34314679.0,cellbio,False,,
10.1016/j.ceca.2021.102448,34375923.0,cellbio,False,,
10.1038/s41419-021-04020-z,34312366.0,cellbio,True,1.0,99.0
10.1038/s41388-021-01966-4,34312488.0,cellbio,True,1.0,99.0
10.1038/s41419-021-04035-6,34312365.0,cellbio,True,1.0,99.0
10.1038/s41392-021-00606-3,34305138.0,cellbio,False,,
10.1093/plcell/koab185,34312677.0,cellbio,False,,
10.15252/embj.2021107776,34232536.0,cellbio,True,1.0,99.0
10.1080/15548627.2021.1953263,34308753.0,cellbio,False,,
10.1007/s00018-021-03902-x,34308492.0,cellbio,True,1.0,99.0
10.1016/j.ceca.2021.102449,34332260.0,cellbio,False,,
10.1038/s41392-021-00708-y,34305136.0,cellbio,False,,
10.1038/s41392-021-00694-1,34305139.0,cellbio,False,,
10.1002/jev2.12126,34326961.0,cellbio,False,,
10.1038/s41388-021-01911-5,34304249.0,cellbio,True,1.0,99.0
10.1038/s41388-021-01958-4,34304250.0,cellbio,True,1.0,99.0
10.1016/j.matbio.2021.07.002,34314838.0,cellbio,False,,
10.1038/s41418-021-00839-3,34304242.0,cellbio,True,1.0,99.0
10.1016/j.cub.2021.07.012,34329589.0,cellbio,False,,
10.1093/plcell/koab159,34297824.0,cellbio,False,,
10.1186/s12929-021-00751-5,34301262.0,cellbio,True,1.0,99.0
10.1016/j.cub.2021.06.069,34302743.0,cellbio,False,,
10.1007/s00018-021-03875-x,34296319.0,cellbio,False,,
10.1007/s00018-021-03899-3,34297165.0,cellbio,False,,
10.1007/s00018-021-03904-9,34297166.0,cellbio,False,,
10.1038/s41392-021-00600-9,34294684.0,cellbio,False,,
10.1038/s41419-021-04023-w,34301924.0,cellbio,True,1.0,99.0
10.1038/s41418-021-00831-x,34302122.0,cellbio,False,,
10.1038/s41388-021-01936-w,34302119.0,cellbio,False,,
10.1016/j.cub.2021.06.081,34302742.0,cellbio,False,,
10.1016/j.cub.2021.06.070,34302740.0,cellbio,False,,
10.1016/j.cub.2021.06.089,34302741.0,cellbio,False,,
10.1038/s41419-021-04021-y,34301920.0,cellbio,True,1.0,99.0
10.1038/s41388-021-01956-6,34302117.0,cellbio,True,1.0,99.0
10.1016/j.cell.2021.07.023,34352228.0,cellbio,False,,
10.15252/embr.202051683,34296805.0,cellbio,True,1.0,99.0
10.1038/s41419-021-04019-6,34301918.0,cellbio,False,,
10.1016/j.cmet.2021.07.002,34302744.0,cellbio,True,1.0,99.0
10.1111/cpr.13098,34296486.0,cellbio,True,1.0,99.0
10.1038/s41388-021-01940-0,34302118.0,cellbio,False,,
10.1111/cpr.13101,34296479.0,cellbio,True,1.0,99.0
10.1016/j.cell.2021.07.025,34332650.0,cellbio,False,,
10.1038/s41388-021-01963-7,34294847.0,cellbio,True,1.0,99.0
10.15252/embj.2021107911,34296454.0,cellbio,False,,
10.15252/embr.202051954,34296790.0,cellbio,True,1.0,99.0
10.1038/s41419-021-04012-z,34301919.0,cellbio,True,1.0,99.0
10.1016/j.cell.2021.07.002,34302739.0,cellbio,False,,
10.1038/s41419-021-04009-8,34301921.0,cellbio,True,1.0,99.0
10.1016/j.celrep.2021.109504,34352226.0,cellbio,False,,
10.1093/plcell/koab192,34312675.0,cellbio,False,,
10.1016/j.cub.2021.07.016,34324834.0,cellbio,False,,
10.1101/gad.348622.121,34301769.0,cellbio,True,1.0,99.0
10.1101/gad.348660.121,34301768.0,cellbio,True,1.0,99.0
10.1101/gad.348471.121,34301767.0,cellbio,True,1.0,99.0
10.1101/gad.347344.120,34301766.0,cellbio,True,1.0,99.0
10.1038/d41591-021-00047-z,34294925.0,cellbio,False,,
10.1038/d41591-021-00046-0,34294924.0,cellbio,False,,
10.1165/rcmb.2021-0152tr,34293272.0,cellbio,False,,
10.1165/rcmb.2021-0106oc,34293268.0,cellbio,True,1.0,99.0
10.1002/jev2.12115,34322203.0,cellbio,False,,
10.1002/jev2.12119,34322204.0,cellbio,False,,
10.1002/jev2.12128,34322205.0,cellbio,False,,
10.1007/s00018-021-03898-4,34292354.0,cellbio,False,,
10.1101/gad.348190.120,34301765.0,cellbio,False,,
10.1016/j.cell.2021.06.033,34297925.0,cellbio,False,,
10.1111/acel.13437,34291567.0,cellbio,True,1.0,99.0
10.1038/s41594-021-00638-x,34294922.0,cellbio,False,,
10.1038/s41419-021-04003-0,34294700.0,cellbio,False,,
10.1016/j.molcel.2021.06.023,34297910.0,cellbio,True,1.0,99.0
10.1016/j.cell.2021.06.032,34297924.0,cellbio,True,0.0,22.0
10.1016/j.ccell.2021.06.018,34375612.0,cellbio,True,1.0,99.0
10.1016/j.stemcr.2021.06.011,34297942.0,cellbio,False,,
10.1038/s41388-021-01960-w,34294845.0,cellbio,True,1.0,99.0
10.1016/j.stemcr.2021.06.014,34297940.0,cellbio,False,,
10.1038/s41418-021-00837-5,34294890.0,cellbio,True,1.0,99.0
10.1038/s41419-021-04018-7,34294679.0,cellbio,True,1.0,99.0
10.1038/s41594-021-00624-3,34294920.0,cellbio,False,,
10.1038/s41419-021-04015-w,34294687.0,cellbio,True,1.0,99.0
10.1038/s41418-021-00838-4,34294888.0,cellbio,True,1.0,99.0
10.1016/j.stemcr.2021.06.015,34297941.0,cellbio,False,,
10.1016/j.cub.2021.06.063,34297912.0,cellbio,False,,
10.1038/s41594-021-00625-2,34294921.0,cellbio,False,,
10.1111/cpr.13091,34291856.0,cellbio,False,,
10.1016/j.cell.2021.06.031,34297923.0,cellbio,True,0.0,21.0
10.1083/jcb.202104093,34292303.0,cellbio,False,,
10.1038/s41392-021-00707-z,34294683.0,cellbio,False,,
10.1038/s41419-021-04011-0,34294686.0,cellbio,True,1.0,99.0
10.1016/j.molcel.2021.06.009,34297911.0,cellbio,False,,
10.1111/cpr.13099,34291515.0,cellbio,False,,
10.1038/s41419-021-03981-5,34294689.0,cellbio,True,1.0,99.0
10.1016/j.stemcr.2021.06.013,34297939.0,cellbio,False,,
10.1038/s41418-021-00836-6,34294889.0,cellbio,True,1.0,99.0
10.1038/s41388-021-01964-6,34294846.0,cellbio,True,1.0,99.0
10.1083/jcb.201911104,34292306.0,cellbio,True,1.0,99.0
10.1038/s41556-021-00735-5,34294885.0,cellbio,False,,
10.1016/j.ccell.2021.06.017,34297917.0,cellbio,False,,
10.15252/embj.2020107516,34291488.0,cellbio,True,1.0,99.0
10.1016/j.cub.2021.06.047,34297913.0,cellbio,False,,
10.1186/s13287-021-02504-5,34294160.0,cellbio,True,1.0,99.0
10.1186/s13287-021-02481-9,34294118.0,cellbio,True,1.0,99.0
10.1186/s13287-021-02480-w,34294127.0,cellbio,True,1.0,99.0
10.1186/s13287-021-02501-8,34294156.0,cellbio,True,1.0,99.0
10.1186/s13287-021-02497-1,34294122.0,cellbio,True,1.0,99.0
10.1186/s13287-021-02499-z,34294152.0,cellbio,False,,
10.1186/s13287-021-02487-3,34294121.0,cellbio,True,1.0,99.0
10.1186/s13287-021-02492-6,34294138.0,cellbio,True,1.0,99.0
10.1186/s13287-021-02498-0,34294125.0,cellbio,False,,
10.1186/s13287-021-02495-3,34294143.0,cellbio,True,1.0,99.0
10.1016/j.ccell.2021.07.012,34331856.0,cellbio,False,,
10.1093/plcell/koab191,,cellbio,False,,
10.1038/s41418-021-00834-8,34290396.0,cellbio,False,,
10.1016/j.stem.2021.07.001,34320411.0,cellbio,False,,
10.1016/j.cub.2021.07.020,34320365.0,cellbio,False,,
10.1126/scitranslmed.abg6013,34290058.0,cellbio,True,1.0,99.0
10.1126/scitranslmed.abf3637,34290055.0,cellbio,False,,
10.1126/scitranslmed.abf1383,34290053.0,cellbio,True,1.0,99.0
10.1126/scitranslmed.abd1817,34290054.0,cellbio,True,1.0,99.0
10.1126/scitranslmed.abb5071,34290057.0,cellbio,True,1.0,99.0
10.1126/scitranslmed.aaz4959,34290056.0,cellbio,True,1.0,99.0
10.1016/j.molcel.2021.06.028,34293321.0,cellbio,True,1.0,99.0
10.1016/j.cub.2021.06.077,34293332.0,cellbio,False,,
10.1016/j.cub.2021.06.061,34293333.0,cellbio,False,,
10.1016/j.cub.2021.06.056,34293331.0,cellbio,False,,
10.1016/j.cub.2021.06.053,34289387.0,cellbio,False,,
10.1016/j.cmet.2021.07.001,34289375.0,cellbio,False,,
10.1016/j.celrep.2021.109444,34293330.0,cellbio,False,,
10.1016/j.cell.2021.06.028,34289345.0,cellbio,True,1.0,99.0
10.1007/s13238-021-00858-3,34291435.0,cellbio,True,1.0,99.0
10.1080/15548627.2021.1936777,34286667.0,cellbio,True,1.0,99.0
10.1038/s41419-021-03937-9,34290229.0,cellbio,False,,
10.15252/embj.2020105043,34287990.0,cellbio,True,1.0,99.0
10.1038/s41392-021-00696-z,34290226.0,cellbio,False,,
10.15252/embr.202152716,34288360.0,cellbio,False,,
10.1038/s41388-021-01930-2,34290402.0,cellbio,True,1.0,99.0
10.1038/s41419-021-04013-y,34290239.0,cellbio,True,1.0,99.0
10.1083/jcb.202009028,34287617.0,cellbio,True,1.0,99.0
10.15252/embj.2021109115,34287984.0,cellbio,False,,
10.1038/s41388-021-01946-8,34290401.0,cellbio,False,,
10.1038/s41419-021-04000-3,34290231.0,cellbio,False,,
10.1038/s41419-021-03990-4,34290225.0,cellbio,True,1.0,99.0
10.1038/s41388-021-01943-x,34290400.0,cellbio,True,1.0,99.0
10.1083/jcb.202105011,34287616.0,cellbio,True,0.0,21.0
10.1083/jcb.202004114,34287648.0,cellbio,True,1.0,99.0
10.1038/s41388-021-01950-y,34290399.0,cellbio,False,,
10.1083/jcb.202106128,34287649.0,cellbio,False,,
10.1093/plcell/koab190,34289073.0,cellbio,False,,
10.1038/s41392-021-00599-z,34285182.0,cellbio,True,0.0,23.0
10.1016/j.devcel.2021.06.020,34273275.0,cellbio,False,,
10.1016/j.ccell.2021.06.016,34270926.0,cellbio,True,1.0,99.0
10.15252/embr.202152926,34288363.0,cellbio,False,,
10.1126/scitranslmed.abg1143,34285130.0,cellbio,True,1.0,99.0
10.1126/scisignal.abl4916,,cellbio,False,,
10.1126/scisignal.abf6685,34285132.0,cellbio,True,1.0,99.0
10.1126/scisignal.abc5884,34285131.0,cellbio,True,0.0,21.0
10.1007/s00018-021-03900-z,34283248.0,cellbio,False,,
10.1080/15548627.2021.1954348,34282994.0,cellbio,True,1.0,99.0
10.1083/jcb.202010016,34283201.0,cellbio,True,0.0,23.0
10.1016/j.cub.2021.06.052,34289389.0,cellbio,True,1.0,99.0
10.15252/embr.202153464,34288334.0,cellbio,False,,
10.1038/s41421-021-00293-y,34285198.0,cellbio,False,,
10.1016/j.molcel.2021.06.027,34289383.0,cellbio,True,1.0,99.0
10.15252/embr.202052252,34288348.0,cellbio,True,1.0,99.0
10.1038/s41418-021-00830-y,34285384.0,cellbio,True,1.0,99.0
10.15252/embr.202052071,34288362.0,cellbio,False,,
10.15252/embr.202153539,34288347.0,cellbio,False,,
10.1038/s41419-021-03999-9,34285190.0,cellbio,True,1.0,99.0
10.1038/s41594-021-00642-1,34285420.0,cellbio,False,,
10.1038/s41421-021-00292-z,34285195.0,cellbio,False,,
10.1038/s41419-021-03977-1,34285193.0,cellbio,True,1.0,99.0
10.1038/s41419-021-04004-z,34285192.0,cellbio,True,1.0,99.0
10.1038/s41591-021-01427-1,34285421.0,cellbio,False,,
10.1038/s41421-021-00280-3,34282123.0,cellbio,False,,
10.1038/s41392-021-00693-2,34285185.0,cellbio,False,,
10.15252/embj.2021109001,34287997.0,cellbio,False,,
10.1038/s41419-021-03976-2,34285196.0,cellbio,False,,
10.1016/j.cub.2021.06.067,34289388.0,cellbio,False,,
10.1038/s41594-021-00641-2,34285419.0,cellbio,False,,
10.15252/embr.202153265,34288349.0,cellbio,False,,
10.1038/s41419-021-03975-3,34285197.0,cellbio,True,0.0,23.0
10.1038/s41388-021-01947-7,34285345.0,cellbio,False,,
10.1016/j.cub.2021.06.054,34289386.0,cellbio,False,,
10.1016/j.stemcr.2021.07.012,34403650.0,cellbio,False,,
10.1016/j.celrep.2021.109479,34320401.0,cellbio,True,1.0,99.0
10.1016/j.celrep.2021.109493,34320400.0,cellbio,False,,
10.1093/plcell/koab177,34293176.0,cellbio,False,,
10.1093/plcell/koab166,34293160.0,cellbio,False,,
10.1080/15548627.2021.1953849,34281478.0,cellbio,False,,
10.1080/15548627.2021.1953820,34281469.0,cellbio,False,,
10.1080/15548627.2021.1953847,34281462.0,cellbio,False,,
10.1165/rcmb.2020-0520oc,34280336.0,cellbio,True,1.0,99.0
10.1186/s12929-021-00750-6,34281540.0,cellbio,False,,
10.1007/s00018-021-03890-y,34279699.0,cellbio,True,1.0,99.0
10.1007/s00018-021-03896-6,34279698.0,cellbio,False,,
10.1016/j.cub.2021.06.055,34283998.0,cellbio,True,1.0,99.0
10.1038/s41591-021-01409-3,34282338.0,cellbio,False,,
10.1038/s41388-021-01955-7,34282273.0,cellbio,True,1.0,99.0
10.1038/s41392-021-00597-1,34276048.0,cellbio,True,0.0,23.0
10.1038/s41388-021-01949-5,34282274.0,cellbio,True,1.0,99.0
10.15252/embr.202152462,34350706.0,cellbio,True,1.0,99.0
10.1083/jcb.202105177,34279549.0,cellbio,False,,
10.1016/j.ceca.2021.102447,34333245.0,cellbio,False,,
10.1111/acel.13442,34278710.0,cellbio,False,,
10.1002/jev2.12125,34295457.0,cellbio,False,,
10.1080/15548627.2021.1953846,34275433.0,cellbio,False,,
10.1007/s00018-021-03885-9,34274976.0,cellbio,False,,
10.1111/acel.13430,34278704.0,cellbio,True,1.0,99.0
10.1186/s13287-021-02478-4,34275494.0,cellbio,False,,
10.1111/acel.13421,34278707.0,cellbio,False,,
10.1186/s13287-021-02471-x,34275489.0,cellbio,False,,
10.1093/plcell/koab189,34273173.0,cellbio,False,,
10.1007/s00018-021-03891-x,34274977.0,cellbio,True,0.0,22.0
10.1038/s41388-021-01939-7,34274946.0,cellbio,True,1.0,99.0
10.1038/s41392-021-00691-4,34274941.0,cellbio,False,,
10.1038/s41419-021-04002-1,34274951.0,cellbio,True,1.0,99.0
10.1016/j.celrep.2021.109482,34297909.0,cellbio,True,1.0,99.0
10.1038/s41388-021-01948-6,34274947.0,cellbio,True,1.0,99.0
10.1038/s41419-021-04007-w,34274950.0,cellbio,True,1.0,99.0
10.1093/plcell/koab188,34270784.0,cellbio,True,1.0,99.0
10.1186/s13287-021-02429-z,34271976.0,cellbio,True,1.0,99.0
10.1186/s13287-021-02483-7,34271988.0,cellbio,False,,
10.1038/s41591-021-01459-7,34272500.0,cellbio,False,,
10.15252/embj.2021108053,34269473.0,cellbio,True,1.0,99.0
10.1038/s41392-021-00582-8,34267180.0,cellbio,True,0.0,23.0
10.1038/s41419-021-04006-x,34272359.0,cellbio,False,,
10.15252/embr.202152988,34269513.0,cellbio,False,,
10.1016/j.cub.2021.06.048,34273280.0,cellbio,False,,
10.1038/s41388-021-01914-2,34272475.0,cellbio,True,1.0,99.0
10.1038/s41591-021-01454-y,34272499.0,cellbio,False,,
10.1016/j.devcel.2021.06.021,34273276.0,cellbio,False,,
10.15252/embj.2020107480,34269483.0,cellbio,True,1.0,99.0
10.1038/s41388-021-01944-w,34272474.0,cellbio,True,1.0,99.0
10.1083/jcb.202005062,34269802.0,cellbio,True,1.0,99.0
10.1038/s41419-021-04001-2,34272357.0,cellbio,True,1.0,99.0
10.1038/s41419-021-03997-x,34272360.0,cellbio,True,1.0,99.0
10.1093/plcell/koab187,34270751.0,cellbio,True,1.0,99.0
10.1093/plcell/koab182,34270775.0,cellbio,False,,
10.1093/plcell/koab074,,cellbio,False,,
10.1038/d41591-021-00045-1,34267382.0,cellbio,False,,
10.1038/d41591-021-00044-2,34267381.0,cellbio,False,,
10.1101/gad.348341.121,34266888.0,cellbio,True,1.0,99.0
10.1101/gad.348319.121,34266887.0,cellbio,False,,
10.1016/j.cmet.2021.06.012,34270928.0,cellbio,False,,
10.1186/s13287-021-02475-7,34266474.0,cellbio,True,1.0,99.0
10.1186/s13287-021-02485-5,34266496.0,cellbio,True,1.0,99.0
10.1186/s13287-021-02482-8,34266486.0,cellbio,False,,
10.1002/jev2.12121,34295456.0,cellbio,False,,
10.1186/s13287-021-02494-4,34266493.0,cellbio,True,1.0,99.0
10.1186/s13287-021-02488-2,34266489.0,cellbio,False,,
10.1186/s12929-021-00749-z,34266430.0,cellbio,True,1.0,99.0
10.1016/j.matbio.2021.07.001,34274450.0,cellbio,True,1.0,99.0
10.1186/s13287-021-02490-8,34266502.0,cellbio,False,,
10.1016/j.cub.2021.06.037,34270946.0,cellbio,False,,
10.1038/s41419-021-03988-y,34267184.0,cellbio,True,1.0,99.0
10.1038/s41419-021-03979-z,34267182.0,cellbio,False,,
10.1016/j.cmet.2021.06.013,34270929.0,cellbio,True,1.0,99.0
10.1038/s41422-021-00530-9,34267352.0,cellbio,True,1.0,99.0
10.1038/s41422-021-00538-1,34267351.0,cellbio,False,,
10.1038/s41422-021-00534-5,34267348.0,cellbio,False,,
10.15252/embj.2021108434,34263469.0,cellbio,False,,
10.1083/jcb.202106176,34264264.0,cellbio,False,,
10.1038/s41419-021-03995-z,34267186.0,cellbio,True,1.0,99.0
10.1016/j.stemcr.2021.06.010,34270934.0,cellbio,False,,
10.1016/j.cub.2021.06.036,34270947.0,cellbio,False,,
10.1016/j.cub.2021.06.039,34270949.0,cellbio,False,,
10.1038/s41591-021-01418-2,34267380.0,cellbio,False,,
10.1038/s41392-021-00692-3,34267185.0,cellbio,False,,
10.1038/s41591-021-01447-x,34267379.0,cellbio,False,,
10.1038/s41419-021-03956-6,34267179.0,cellbio,True,1.0,99.0
10.1038/s41422-021-00535-4,34267350.0,cellbio,False,,
10.1038/s41388-021-01937-9,34267330.0,cellbio,True,1.0,99.0
10.1038/s41419-021-03980-6,34267188.0,cellbio,True,1.0,99.0
10.1038/s41419-021-03996-y,34262021.0,cellbio,True,1.0,99.0
10.1016/j.molcel.2021.06.025,34270916.0,cellbio,True,0.0,22.0
10.1016/j.cmet.2021.06.011,34270927.0,cellbio,False,,
10.1038/s41419-021-04008-9,34267193.0,cellbio,True,1.0,99.0
10.1016/j.cub.2021.06.040,34270950.0,cellbio,False,,
10.1016/j.cmet.2021.06.014,34270930.0,cellbio,False,,
10.1083/jcb.202005214,34264272.0,cellbio,True,1.0,99.0
10.1038/s41422-021-00536-3,34267353.0,cellbio,False,,
10.1083/jcb.202105004,34264263.0,cellbio,False,,
10.1038/s41422-021-00531-8,34267349.0,cellbio,True,0.0,21.0
10.1016/j.cub.2021.06.031,34270948.0,cellbio,False,,
10.1093/plcell/koab186,34264320.0,cellbio,False,,
10.1083/jcb.201910161,34259806.0,cellbio,True,0.0,22.0
10.1126/scitranslmed.abg6128,34261800.0,cellbio,False,,
10.1083/jcb.202005193,34259807.0,cellbio,True,0.0,23.0
10.1126/scitranslmed.aba4627,34261798.0,cellbio,True,1.0,99.0
10.1126/scitranslmed.abd4816,34261799.0,cellbio,True,1.0,99.0
10.1083/jcb.20210207007022021c,34259833.0,cellbio,False,,
10.1126/scitranslmed.abb3631,34261797.0,cellbio,False,,
10.15252/embr.202051981,34260142.0,cellbio,True,1.0,99.0
10.1016/j.molcel.2021.06.019,34265249.0,cellbio,False,,
10.1038/s41392-021-00677-2,34262017.0,cellbio,True,1.0,99.0
10.1038/s41594-021-00617-2,34262183.0,cellbio,False,,
10.1038/s41594-021-00629-y,34262181.0,cellbio,False,,
10.1038/s41392-021-00669-2,34262014.0,cellbio,True,1.0,99.0
10.1111/acel.13433,34261192.0,cellbio,False,,
10.1038/s41594-021-00627-0,34262180.0,cellbio,False,,
10.1038/s41594-021-00622-5,34262182.0,cellbio,False,,
10.1038/s41418-021-00832-w,34262145.0,cellbio,True,1.0,99.0
10.1038/s41419-021-03982-4,34262023.0,cellbio,True,1.0,99.0
10.1038/s41419-021-03978-0,34262016.0,cellbio,True,1.0,99.0
10.1038/s41419-021-03987-z,34262024.0,cellbio,False,,
10.1038/s41419-021-03992-2,34262022.0,cellbio,False,,
10.1038/s41419-021-03994-0,34262020.0,cellbio,True,1.0,99.0
10.1038/s41388-021-01932-0,34262130.0,cellbio,True,1.0,99.0
10.1038/s41418-021-00828-6,34262144.0,cellbio,True,1.0,99.0
10.15252/embr.202152803,34260143.0,cellbio,False,,
10.1038/s41392-021-00688-z,34262012.0,cellbio,True,1.0,99.0
10.1038/s41591-021-01449-9,34262158.0,cellbio,False,,
10.1038/s41594-021-00623-4,34262179.0,cellbio,False,,
10.1038/s41419-021-03993-1,34262025.0,cellbio,True,1.0,99.0
10.15252/embj.2020106320,34260075.0,cellbio,True,1.0,99.0
10.1038/s41392-021-00689-y,34262013.0,cellbio,False,,
10.1038/s41392-021-00580-w,34257276.0,cellbio,True,0.0,23.0
10.1186/s13287-021-02489-1,34256823.0,cellbio,True,1.0,99.0
10.1186/s13287-021-02484-6,34256838.0,cellbio,False,,
10.1186/s13287-021-02477-5,34256857.0,cellbio,False,,
10.1186/s13287-021-02474-8,34256848.0,cellbio,False,,
10.1186/s13287-021-02473-9,34256856.0,cellbio,True,1.0,99.0
10.1186/s13287-021-02469-5,34256845.0,cellbio,False,,
10.1186/s13287-021-02468-6,34256837.0,cellbio,True,1.0,99.0
10.1186/s13287-021-02467-7,34256832.0,cellbio,False,,
10.1186/s13287-021-02458-8,34256854.0,cellbio,True,1.0,99.0
10.1186/s13287-021-02457-9,34256833.0,cellbio,True,0.0,21.0
10.1186/s13287-021-02454-y,34256844.0,cellbio,True,1.0,99.0
10.1186/s13287-021-02450-2,34256842.0,cellbio,False,,
10.1186/s13287-021-02438-y,34256859.0,cellbio,True,1.0,99.0
10.1186/s13287-021-02431-5,34256841.0,cellbio,True,1.0,99.0
10.1126/scitranslmed.abi8452,34257144.0,cellbio,False,,
10.1126/scisignal.abl3733,,cellbio,False,,
10.1126/scisignal.abf5594,34257105.0,cellbio,True,1.0,99.0
10.1126/scisignal.abe1194,34257104.0,cellbio,True,1.0,99.0
10.1007/s13238-021-00859-2,34255254.0,cellbio,False,,
10.15252/embr.202153388,34255415.0,cellbio,False,,
10.15252/embj.2020105603,34254352.0,cellbio,False,,
10.1038/s41388-021-01929-9,34257430.0,cellbio,False,,
10.1038/s41419-021-03971-7,34257274.0,cellbio,True,1.0,99.0
10.1016/j.stemcr.2021.06.012,34260949.0,cellbio,False,,
10.1038/s41419-021-03989-x,34257278.0,cellbio,True,1.0,99.0
10.1016/j.cell.2021.06.025,34260899.0,cellbio,False,,
10.15252/embj.2020105740,34254686.0,cellbio,False,,
10.1038/s41419-021-03991-3,34257270.0,cellbio,True,1.0,99.0
10.1038/s41419-021-03986-0,34257272.0,cellbio,True,1.0,99.0
10.1038/s41421-021-00281-2,34257277.0,cellbio,True,0.0,21.0
10.15252/embj.2021108083,34254350.0,cellbio,True,1.0,99.0
10.1111/cpr.13087,34255393.0,cellbio,True,1.0,99.0
10.1038/s41418-021-00833-9,34257412.0,cellbio,True,1.0,99.0
10.1038/s41419-021-03998-w,34257282.0,cellbio,True,1.0,99.0
10.15252/embj.2021107660,34254679.0,cellbio,True,1.0,99.0
10.1083/jcb.202106164,34254986.0,cellbio,False,,
10.15252/embj.2021107821,34159616.0,cellbio,True,1.0,99.0
10.1016/j.stem.2021.06.004,34293334.0,cellbio,True,1.0,99.0
10.1002/jev2.12123,34276900.0,cellbio,True,1.0,99.0
10.1111/cpr.13095,34254370.0,cellbio,True,1.0,99.0
10.1038/s41556-021-00706-w,34257406.0,cellbio,True,1.0,99.0
10.1002/jev2.12114,34276899.0,cellbio,True,1.0,99.0
10.1080/15548627.2021.1947730,34251968.0,cellbio,False,,
10.1080/15548627.2021.1947606,34251955.0,cellbio,False,,
10.1165/rcmb.2020-0390oc,34251297.0,cellbio,True,1.0,99.0
10.1165/rcmb.2020-0537oc,34251286.0,cellbio,True,1.0,99.0
10.1038/s41591-021-01404-8,34253928.0,cellbio,True,0.0,21.0
10.1016/j.cub.2021.06.012,34256016.0,cellbio,False,,
10.1016/j.devcel.2021.06.010,34256011.0,cellbio,True,1.0,99.0
10.1038/s41556-021-00711-z,34253895.0,cellbio,False,,
10.1016/j.cub.2021.06.051,34256018.0,cellbio,False,,
10.1038/s41392-021-00690-5,34253708.0,cellbio,True,1.0,99.0
10.1038/s41556-021-00713-x,34253896.0,cellbio,False,,
10.1038/s41556-021-00707-9,34253898.0,cellbio,False,,
10.1016/j.cmet.2021.06.007,34256015.0,cellbio,False,,
10.1038/s41388-021-01927-x,34253860.0,cellbio,True,1.0,99.0
10.1016/j.cell.2021.06.019,34256014.0,cellbio,False,,
10.1038/s41556-021-00719-5,34253892.0,cellbio,False,,
10.1038/s41556-021-00718-6,34253893.0,cellbio,False,,
10.15252/embj.2021108293,34250619.0,cellbio,False,,
10.1111/acel.13431,34250734.0,cellbio,False,,
10.1016/j.cub.2021.06.034,34256017.0,cellbio,False,,
10.1016/j.cub.2021.06.024,34256020.0,cellbio,False,,
10.1038/s41591-021-01438-y,34253929.0,cellbio,False,,
10.1083/jcb.202007177,34251416.0,cellbio,True,1.0,99.0
10.1016/j.cub.2021.06.023,34256019.0,cellbio,False,,
10.1038/s41591-021-01435-1,34253930.0,cellbio,False,,
10.1038/s41556-021-00716-8,34253891.0,cellbio,False,,
10.1038/s41556-021-00714-w,34253894.0,cellbio,False,,
10.1038/s41556-021-00709-7,34253897.0,cellbio,True,0.0,23.0
10.1038/s41392-021-00658-5,34248142.0,cellbio,False,,
10.1038/s41392-021-00571-x,34248141.0,cellbio,True,0.0,23.0
10.1111/cpr.13097,34250657.0,cellbio,False,,
10.1111/acel.13432,34247441.0,cellbio,True,1.0,99.0
10.1016/j.ceca.2021.102446,34303264.0,cellbio,False,,
10.1093/plcell/koab172,34297836.0,cellbio,False,,
10.1007/s00018-021-03871-1,34245311.0,cellbio,True,1.0,99.0
10.1016/j.celrep.2021.109450,34289384.0,cellbio,False,,
10.1038/s41419-021-03970-8,34247201.0,cellbio,True,1.0,99.0
10.1038/s41388-021-01934-y,34247189.0,cellbio,True,1.0,99.0
10.1038/s41388-021-01917-z,34247190.0,cellbio,True,1.0,99.0
10.1038/s41388-021-01931-1,34247191.0,cellbio,True,1.0,99.0
10.1111/acel.13428,34245092.0,cellbio,False,,
10.1111/acel.13429,34245097.0,cellbio,True,1.0,99.0
10.1038/s41419-021-03964-6,34247195.0,cellbio,False,,
10.1016/j.celrep.2021.109452,34289385.0,cellbio,False,,
10.1093/plcell/koab184,,cellbio,False,,
10.1093/plcell/koab175,34245297.0,cellbio,True,1.0,99.0
10.1080/15548627.2021.1936359,34241570.0,cellbio,False,,
10.1007/s00018-021-03894-8,34241650.0,cellbio,False,,
10.1007/s00018-021-03873-z,34241649.0,cellbio,False,,
10.1038/s41591-021-01446-y,34244681.0,cellbio,False,,
10.1038/s41392-021-00685-2,34244475.0,cellbio,False,,
10.1016/j.cub.2021.06.033,34245690.0,cellbio,False,,
10.1111/acel.13427,34240807.0,cellbio,False,,
10.1038/s41419-021-03960-w,34244472.0,cellbio,True,1.0,99.0
10.1038/s41388-021-01933-z,34244606.0,cellbio,True,1.0,99.0
10.1111/cpr.13088,34240781.0,cellbio,True,1.0,99.0
10.1038/s41392-021-00648-7,34238917.0,cellbio,False,,
10.1038/s41392-021-00684-3,34244470.0,cellbio,False,,
10.1111/cpr.13096,34240779.0,cellbio,True,1.0,99.0
10.1038/s41419-021-03955-7,34244473.0,cellbio,True,1.0,99.0
10.1016/j.molcel.2021.06.017,34245671.0,cellbio,True,1.0,99.0
10.1038/s41591-021-01443-1,34244682.0,cellbio,True,0.0,21.0
10.1038/s41392-021-00570-y,34238920.0,cellbio,False,,
10.1038/s41388-021-01925-z,34244607.0,cellbio,True,1.0,99.0
10.1083/jcb.202011133,34241634.0,cellbio,True,1.0,99.0
10.1038/s41419-021-03965-5,34244467.0,cellbio,True,1.0,99.0
10.1038/s41419-021-03973-5,34244479.0,cellbio,True,1.0,99.0
10.1083/jcb.202103186,34241635.0,cellbio,False,,
10.1038/s41419-021-03951-x,34244474.0,cellbio,True,1.0,99.0
10.1101/gad.345843.120,34244292.0,cellbio,True,1.0,99.0
10.1038/d41591-021-00043-3,34239131.0,cellbio,False,,
10.1165/rcmb.2021-0112oc,34236953.0,cellbio,True,1.0,99.0
10.1007/s00018-021-03886-8,34240226.0,cellbio,False,,
10.1007/s00018-021-03895-7,34236444.0,cellbio,False,,
10.1038/s41556-021-00717-7,34239061.0,cellbio,False,,
10.1038/s41591-021-01406-6,34239137.0,cellbio,False,,
10.1038/s41556-021-00712-y,34239063.0,cellbio,False,,
10.1016/j.stemcr.2021.06.006,34242615.0,cellbio,False,,
10.1038/s41591-021-01398-3,34239134.0,cellbio,False,,
10.1038/s41419-021-03963-7,34238922.0,cellbio,True,1.0,99.0
10.1038/s41591-021-01425-3,34239138.0,cellbio,False,,
10.1038/s41422-021-00526-5,34239072.0,cellbio,False,,
10.1038/s41594-021-00615-4,34239124.0,cellbio,False,,
10.1016/j.stemcr.2021.06.007,34242618.0,cellbio,True,1.0,99.0
10.1038/s41419-021-03957-5,34238932.0,cellbio,True,1.0,99.0
10.1038/s41591-021-01403-9,34239133.0,cellbio,True,0.0,23.0
10.1038/s41388-021-01906-2,34239043.0,cellbio,True,1.0,99.0
10.1038/s41591-021-01411-9,34239136.0,cellbio,False,,
10.1016/j.stemcr.2021.06.009,34242617.0,cellbio,True,1.0,99.0
10.1038/s41594-021-00618-1,34239125.0,cellbio,False,,
10.1038/s41594-021-00616-3,34239123.0,cellbio,False,,
10.1038/s41422-021-00525-6,34239071.0,cellbio,False,,
10.1016/j.stemcr.2021.06.008,34242616.0,cellbio,False,,
10.1016/j.cub.2021.06.021,34242576.0,cellbio,False,,
10.1038/s41556-021-00708-8,34239062.0,cellbio,True,1.0,99.0
10.1038/s41388-021-01868-5,34239045.0,cellbio,False,,
10.1038/s41556-021-00710-0,34239064.0,cellbio,True,1.0,99.0
10.1038/s41419-021-03950-y,34238924.0,cellbio,True,1.0,99.0
10.1038/s41556-021-00705-x,34239060.0,cellbio,False,,
10.1038/s41422-021-00527-4,34239069.0,cellbio,False,,
10.1038/s41594-021-00614-5,34239122.0,cellbio,True,1.0,99.0
10.1016/j.devcel.2021.06.014,34242584.0,cellbio,True,1.0,99.0
10.1038/s41422-021-00528-3,34239070.0,cellbio,True,1.0,99.0
10.1038/s41422-021-00532-7,34239073.0,cellbio,True,1.0,99.0
10.1016/j.devcel.2021.06.013,34242585.0,cellbio,True,1.0,99.0
10.1038/s41591-021-01432-4,34239135.0,cellbio,False,,
10.1038/s41422-021-00529-2,34239074.0,cellbio,False,,
10.1038/s41388-021-01924-0,34239044.0,cellbio,True,1.0,99.0
10.1080/15548627.2021.1950372,34233574.0,cellbio,False,,
10.1080/15548627.2021.1946739,34229552.0,cellbio,True,1.0,99.0
10.1007/s00018-021-03882-y,34232331.0,cellbio,False,,
10.1126/scitranslmed.abc3911,34233950.0,cellbio,True,1.0,99.0
10.1126/scitranslmed.abb1298,34233948.0,cellbio,False,,
10.1126/scitranslmed.abe8573,34233953.0,cellbio,True,1.0,99.0
10.1038/s41419-021-03969-1,34234118.0,cellbio,True,1.0,99.0
10.1126/scitranslmed.abe9887,34233954.0,cellbio,False,,
10.1002/jev2.12118,34262674.0,cellbio,True,1.0,99.0
10.1126/scitranslmed.abc2816,34233949.0,cellbio,True,1.0,99.0
10.1016/j.cell.2021.05.023,34237254.0,cellbio,False,,
10.1007/s00018-021-03893-9,34230991.0,cellbio,False,,
10.1126/scitranslmed.abj6984,34233952.0,cellbio,False,,
10.1126/scitranslmed.aaz4699,34233951.0,cellbio,True,1.0,99.0
10.1038/s41392-021-00662-9,34230452.0,cellbio,False,,
10.1038/s41392-021-00683-4,34234099.0,cellbio,False,,
10.1016/j.cub.2021.06.030,34237269.0,cellbio,True,1.0,99.0
10.15252/embr.202153440,34232560.0,cellbio,False,,
10.1038/s41392-021-00680-7,34234107.0,cellbio,False,,
10.15252/embr.202153324,34231297.0,cellbio,False,,
10.1111/cpr.13093,34231932.0,cellbio,True,1.0,99.0
10.1016/j.cmet.2021.06.005,34237252.0,cellbio,False,,
10.1016/j.cub.2021.06.029,34237270.0,cellbio,False,,
10.1038/s41594-021-00630-5,34234343.0,cellbio,False,,
10.1038/s41419-021-03974-4,34234111.0,cellbio,False,,
10.1016/j.cub.2021.06.006,34237267.0,cellbio,False,,
10.1038/s41392-021-00555-x,34230450.0,cellbio,True,0.0,23.0
10.1083/jcb.202101092,34232287.0,cellbio,True,1.0,99.0
10.15252/embr.202051978,34232545.0,cellbio,False,,
10.1111/cpr.13085,34232542.0,cellbio,True,1.0,99.0
10.15252/embr.202051910,34232566.0,cellbio,True,1.0,99.0
10.1038/s41419-021-03972-6,34234110.0,cellbio,False,,
10.1016/j.cub.2021.06.022,34237268.0,cellbio,True,1.0,99.0
10.1016/j.cell.2021.06.023,34237253.0,cellbio,False,,
10.1186/s12929-021-00748-0,34233673.0,cellbio,True,1.0,99.0
10.1186/s13287-021-02466-8,34233723.0,cellbio,True,1.0,99.0
10.1186/s13287-021-02464-w,34233726.0,cellbio,False,,
10.1186/s13287-021-02425-3,34233738.0,cellbio,True,1.0,99.0
10.1186/s13287-021-02472-w,34233746.0,cellbio,True,1.0,99.0
10.1186/s13287-021-02433-3,34233721.0,cellbio,True,1.0,99.0
10.1186/s12929-021-00747-1,34229656.0,cellbio,True,1.0,99.0
10.1186/s13287-021-02451-1,34233729.0,cellbio,False,,
10.1038/s41392-021-00679-0,34234112.0,cellbio,False,,
10.1038/s41392-021-00686-1,34234102.0,cellbio,False,,
10.1186/s13287-021-02463-x,34233739.0,cellbio,False,,
10.1038/s41392-021-00681-6,34234098.0,cellbio,False,,
10.1007/s00018-021-03836-4,34232330.0,cellbio,False,,
10.1016/j.celrep.2021.109433,34273271.0,cellbio,False,,
10.1016/j.celrep.2021.109432,34270918.0,cellbio,True,1.0,99.0
10.1016/j.cell.2021.07.007,34289344.0,cellbio,False,,
10.1093/plcell/koab183,34240197.0,cellbio,False,,
10.1093/plcell/koab181,,cellbio,False,,
10.1093/plcell/koab180,34240193.0,cellbio,True,1.0,99.0
10.1093/plcell/koab173,34240188.0,cellbio,False,,
10.1093/plcell/koab178,34240187.0,cellbio,False,,
10.1093/plcell/koab174,,cellbio,False,,
10.1080/15548627.2021.1938912,34092182.0,cellbio,True,1.0,99.0
10.1126/scisignal.abk2490,,cellbio,False,,
10.1126/scisignal.abf8483,34230210.0,cellbio,False,,
10.1126/scisignal.abe5040,34230209.0,cellbio,True,1.0,99.0
10.1007/s00018-021-03887-7,34228161.0,cellbio,False,,
10.1016/j.cell.2021.06.009,34233164.0,cellbio,True,0.0,21.0
10.1038/s41421-021-00289-8,34226530.0,cellbio,False,,
10.1016/j.molcel.2021.06.003,34233158.0,cellbio,True,1.0,99.0
10.1016/j.cub.2021.06.018,34233161.0,cellbio,False,,
10.1038/s41388-021-01923-1,34230614.0,cellbio,False,,
10.1016/j.molcel.2021.06.016,34233157.0,cellbio,True,1.0,99.0
10.1111/acel.13381,34227219.0,cellbio,False,,
10.1038/s41421-021-00276-z,34230459.0,cellbio,True,0.0,23.0
10.1016/j.cell.2021.06.022,34233163.0,cellbio,True,1.0,99.0
10.1016/j.cell.2021.06.018,34233165.0,cellbio,False,,
10.1083/jcb.202105067,34228783.0,cellbio,False,,
10.1016/j.cmet.2021.06.004,34233159.0,cellbio,False,,
10.1016/j.celrep.2021.109317,34233195.0,cellbio,True,1.0,99.0
10.1038/s41421-021-00290-1,34230457.0,cellbio,False,,
10.1038/s41388-021-01928-w,34230613.0,cellbio,False,,
10.1016/j.cub.2021.06.013,34233160.0,cellbio,False,,
10.1016/j.celrep.2021.109307,34233177.0,cellbio,False,,
10.1016/j.celrep.2021.109312,34233181.0,cellbio,False,,
10.1038/s41418-021-00817-9,34230615.0,cellbio,False,,
10.1007/s00018-021-03889-5,34223911.0,cellbio,False,,
10.1038/s41419-021-03968-2,34226519.0,cellbio,True,1.0,99.0
10.1038/s41591-021-01439-x,34226738.0,cellbio,False,,
10.1038/s41591-021-01442-2,34226736.0,cellbio,False,,
10.1038/s41392-021-00659-4,34219130.0,cellbio,False,,
10.15252/embj.2020107403,34223653.0,cellbio,True,1.0,99.0
10.1038/s41418-021-00825-9,34226679.0,cellbio,False,,
10.1038/s41591-021-01399-2,34226737.0,cellbio,False,,
10.1038/s41594-021-00620-7,34226739.0,cellbio,True,0.0,23.0
10.1038/s41419-021-03948-6,34226527.0,cellbio,True,1.0,99.0
10.1038/s41419-021-03936-w,34226515.0,cellbio,True,1.0,99.0
10.1038/s41591-021-01440-4,34226735.0,cellbio,False,,
10.15252/embr.202152785,34224201.0,cellbio,True,1.0,99.0
10.1038/s41418-021-00820-0,34226680.0,cellbio,True,1.0,99.0
10.1038/s41556-021-00702-0,34226698.0,cellbio,True,1.0,99.0
10.1038/s41419-021-03962-8,34226516.0,cellbio,True,1.0,99.0
10.1038/s41594-021-00621-6,34226740.0,cellbio,True,0.0,23.0
10.15252/embr.202152649,34224210.0,cellbio,True,1.0,99.0
10.1002/jev2.12116,34257846.0,cellbio,False,,
10.1038/s41591-021-01434-2,34226734.0,cellbio,False,,
10.1038/s41419-021-03967-3,34226513.0,cellbio,True,1.0,99.0
10.1038/s41419-021-03911-5,34226522.0,cellbio,True,1.0,99.0
10.1038/s41419-021-03940-0,34226501.0,cellbio,True,1.0,99.0
10.1038/s41591-021-01426-2,34226733.0,cellbio,False,,
10.1038/s41392-021-00652-x,34219129.0,cellbio,True,1.0,99.0
10.1007/s13238-021-00857-4,34218407.0,cellbio,True,0.0,23.0
10.1016/j.ceca.2021.102439,34261001.0,cellbio,False,,
10.1002/jev2.12117,34262673.0,cellbio,True,1.0,99.0
10.1038/s41419-021-03942-y,34218261.0,cellbio,True,1.0,99.0
10.1038/s41388-021-01912-4,34218270.0,cellbio,True,1.0,99.0
10.1016/j.ccell.2021.07.001,34242573.0,cellbio,False,,
10.1111/acel.13419,34216536.0,cellbio,True,1.0,99.0
10.1038/s41388-021-01919-x,34218269.0,cellbio,True,1.0,99.0
10.1038/s41419-021-03958-4,34218253.0,cellbio,True,1.0,99.0
10.1002/jev2.12120,34262675.0,cellbio,False,,
10.1038/s41388-021-01916-0,34218271.0,cellbio,True,1.0,99.0
10.1038/s41419-021-03961-9,34218252.0,cellbio,True,1.0,99.0
10.1038/s41419-021-03952-w,34218254.0,cellbio,True,1.0,99.0
10.1038/s41419-021-03943-x,34218256.0,cellbio,True,1.0,99.0
10.1038/s41419-021-03934-y,34230456.0,cellbio,True,1.0,99.0
10.1186/s13287-021-02427-1,34215315.0,cellbio,False,,
10.1186/s13287-021-02465-9,34215344.0,cellbio,False,,
10.1186/s13287-021-02456-w,34215342.0,cellbio,False,,
10.1186/s13287-021-02461-z,34215319.0,cellbio,False,,
10.1186/s13287-021-02460-0,34215331.0,cellbio,True,1.0,99.0
10.1186/s13287-021-02462-y,34215336.0,cellbio,False,,
10.1186/s13287-021-02459-7,34215321.0,cellbio,False,,
10.1186/s13287-021-02419-1,34215318.0,cellbio,True,1.0,99.0
10.1038/s41419-021-03949-5,34215719.0,cellbio,True,1.0,99.0
10.15252/embr.202052334,34212478.0,cellbio,False,,
10.1016/j.cell.2021.05.045,34216539.0,cellbio,False,,
10.1016/j.cub.2021.06.027,34216555.0,cellbio,False,,
10.1038/s41419-021-03959-3,34215724.0,cellbio,True,1.0,99.0
10.1016/j.ceca.2021.102438,34252745.0,cellbio,False,,
10.1038/s41392-021-00650-z,34210954.0,cellbio,False,,
10.1038/s41419-021-03928-w,34215717.0,cellbio,True,1.0,99.0
10.1038/s41419-021-03933-z,34215720.0,cellbio,True,1.0,99.0
10.1038/s41418-021-00827-7,34215846.0,cellbio,True,1.0,99.0
10.1038/s41392-021-00622-3,34210953.0,cellbio,False,,
10.1016/j.devcel.2021.06.009,34216545.0,cellbio,False,,
10.1016/j.molcel.2021.06.011,34216544.0,cellbio,True,1.0,99.0
10.1038/s41388-021-01915-1,34211090.0,cellbio,True,1.0,99.0
10.1038/s41419-021-03954-8,34215721.0,cellbio,True,1.0,99.0
10.1016/j.cell.2021.06.007,34216540.0,cellbio,True,1.0,99.0
10.1016/j.molcel.2021.06.014,34216543.0,cellbio,True,1.0,99.0
10.1016/j.cub.2021.06.011,34216556.0,cellbio,True,1.0,99.0
10.1083/jcb.202011144,34213535.0,cellbio,True,1.0,99.0
10.1038/s41419-021-03944-w,34215725.0,cellbio,True,1.0,99.0
10.15252/embj.2021107826,34101213.0,cellbio,False,,
10.1101/gad.348698.121,34210806.0,cellbio,False,,
10.1101/gad.348692.121,34210805.0,cellbio,False,,
10.1101/gad.348691.121,34210804.0,cellbio,False,,
10.1016/j.stemcr.2021.05.021,34214488.0,cellbio,False,,
10.1016/j.stemcr.2021.06.005,34214485.0,cellbio,False,,
10.1016/j.cell.2021.06.003,34214469.0,cellbio,False,,
10.1016/j.stemcr.2021.06.001,34214484.0,cellbio,True,1.0,99.0
10.1186/s13287-021-02445-z,34210363.0,cellbio,False,,
10.1016/j.stemcr.2021.06.003,34214487.0,cellbio,True,1.0,99.0
10.1016/j.molcel.2021.06.010,34214466.0,cellbio,True,1.0,99.0
10.1007/s13238-021-00856-5,34196950.0,cellbio,False,,
10.1007/s00018-021-03868-w,34196733.0,cellbio,False,,
10.1007/s00018-021-03884-w,34196732.0,cellbio,False,,
10.1007/s00018-021-03888-6,34196731.0,cellbio,False,,
10.1093/plcell/koab176,34196712.0,cellbio,True,1.0,99.0
10.1038/s41419-021-03947-7,34210956.0,cellbio,True,1.0,99.0
10.1016/j.cels.2021.06.002,34214468.0,cellbio,False,,
10.1016/j.devcel.2021.06.011,34214490.0,cellbio,True,1.0,99.0
10.1016/j.stemcr.2021.06.004,34214486.0,cellbio,False,,
10.1038/s41594-021-00628-z,34211164.0,cellbio,False,,
10.1038/s41591-021-01431-5,34211183.0,cellbio,False,,
10.1038/s41388-021-01913-3,34211089.0,cellbio,True,1.0,99.0
10.1016/j.stemcr.2021.06.002,34214489.0,cellbio,True,0.0,21.0
10.1038/s41388-021-01890-7,34211088.0,cellbio,True,1.0,99.0
10.1016/j.devcel.2021.06.012,34214491.0,cellbio,True,1.0,99.0
10.1016/j.cell.2021.06.001,34214470.0,cellbio,False,,
10.1083/jcb.202011078,34196665.0,cellbio,True,1.0,99.0
10.1016/j.cell.2021.06.004,34214472.0,cellbio,True,1.0,99.0
10.1016/j.cell.2021.05.026,34214471.0,cellbio,False,,
10.1016/j.molcel.2021.06.001,34214465.0,cellbio,True,0.0,22.0
10.1016/j.cub.2021.06.010,34214451.0,cellbio,True,1.0,99.0
10.1016/j.ccell.2021.06.019,34265251.0,cellbio,False,,
10.1093/plcell/koab171,,cellbio,False,,
10.1016/j.celrep.2021.109459,34320357.0,cellbio,False,,
10.1016/j.celrep.2021.109434,34320354.0,cellbio,True,1.0,99.0
10.1016/j.celrep.2021.109440,34320356.0,cellbio,True,1.0,99.0
10.1016/j.celrep.2021.109436,34320337.0,cellbio,False,,
10.1016/j.celrep.2021.109460,34320364.0,cellbio,True,1.0,99.0
10.1016/j.celrep.2021.109429,34320344.0,cellbio,False,,
10.1016/j.celrep.2021.109442,34320340.0,cellbio,False,,
10.1016/j.celrep.2021.109447,34320351.0,cellbio,True,1.0,99.0
10.1016/j.celrep.2021.109439,34320353.0,cellbio,False,,
10.1016/j.celrep.2021.109455,34320350.0,cellbio,True,1.0,99.0
10.1016/j.celrep.2021.109421,34320342.0,cellbio,True,1.0,99.0
10.1016/j.celrep.2021.109462,34320352.0,cellbio,False,,
10.1016/j.celrep.2021.109438,34320338.0,cellbio,False,,
10.1016/j.celrep.2021.109475,34320362.0,cellbio,False,,
10.1016/j.celrep.2021.109427,34320360.0,cellbio,False,,
10.1016/j.celrep.2021.109443,34320363.0,cellbio,True,1.0,99.0
10.1016/j.celrep.2021.109437,34320355.0,cellbio,False,,
10.1016/j.celrep.2021.109428,34320347.0,cellbio,True,0.0,22.0
10.1016/j.celrep.2021.109476,34320361.0,cellbio,False,,
10.1016/j.celrep.2021.109420,34320345.0,cellbio,True,1.0,99.0
10.1016/j.celrep.2021.109446,34320339.0,cellbio,True,1.0,99.0
10.1016/j.celrep.2021.109456,34320346.0,cellbio,False,,
10.1016/j.celrep.2021.109451,34320341.0,cellbio,True,1.0,99.0
10.1016/j.celrep.2021.109431,34320348.0,cellbio,True,1.0,99.0
10.1016/j.cub.2021.05.064,34314715.0,cellbio,False,,
10.1016/j.cub.2021.05.043,34314717.0,cellbio,False,,
10.1016/j.cub.2021.06.028,34314716.0,cellbio,False,,
10.1016/j.cub.2021.06.020,34314710.0,cellbio,False,,
10.1016/j.devcel.2021.06.018,34314694.0,cellbio,False,,
10.1016/j.cub.2021.05.044,34314719.0,cellbio,False,,
10.1016/j.cub.2021.06.019,34314709.0,cellbio,False,,
10.1016/j.cub.2021.05.034,34314718.0,cellbio,False,,
10.1016/j.devcel.2021.07.001,34314697.0,cellbio,False,,
10.1016/j.cub.2021.05.050,34314713.0,cellbio,False,,
10.1016/j.cub.2021.07.008,,cellbio,False,,
10.1016/j.cub.2021.05.051,34314714.0,cellbio,False,,
10.1016/j.cub.2021.06.007,34314708.0,cellbio,False,,
10.1016/j.cub.2021.06.014,34314722.0,cellbio,False,,
10.1016/j.cub.2021.06.008,34314721.0,cellbio,False,,
10.1016/j.devcel.2021.06.022,34314695.0,cellbio,False,,
10.1016/j.cub.2021.06.009,34314720.0,cellbio,False,,
10.1016/j.cub.2021.05.063,34314712.0,cellbio,False,,
10.1016/j.cub.2021.05.060,34314707.0,cellbio,False,,
10.1016/j.devcel.2021.06.015,34314696.0,cellbio,False,,
10.1016/j.cell.2021.06.030,34297929.0,cellbio,False,,
10.1016/j.cell.2021.06.027,34297926.0,cellbio,False,,
10.1016/j.cell.2021.06.026,34297927.0,cellbio,False,,
10.1016/j.cell.2021.07.008,34297931.0,cellbio,False,,
10.1016/j.cell.2021.06.024,34297930.0,cellbio,False,,
10.1016/j.cell.2021.06.015,34297928.0,cellbio,False,,
10.1016/j.celrep.2021.109430,34289356.0,cellbio,False,,
10.1016/j.celrep.2021.109423,34289349.0,cellbio,True,0.0,22.0
10.1016/j.celrep.2021.109422,34289373.0,cellbio,False,,
10.1016/j.celrep.2021.109419,34289368.0,cellbio,True,1.0,99.0
10.1016/j.celrep.2021.109418,34289352.0,cellbio,False,,
10.1016/j.celrep.2021.109417,34289353.0,cellbio,False,,
10.1016/j.celrep.2021.109413,34289355.0,cellbio,True,1.0,99.0
10.1016/j.celrep.2021.109412,34289354.0,cellbio,True,1.0,99.0
10.1016/j.celrep.2021.109411,34289348.0,cellbio,True,1.0,99.0
10.1016/j.celrep.2021.109410,34289358.0,cellbio,True,1.0,99.0
10.1016/j.celrep.2021.109409,34289357.0,cellbio,False,,
10.1016/j.celrep.2021.109408,34289374.0,cellbio,True,1.0,99.0
10.1016/j.celrep.2021.109407,34289366.0,cellbio,True,1.0,99.0
10.1016/j.celrep.2021.109406,34289370.0,cellbio,True,1.0,99.0
10.1016/j.celrep.2021.109404,34289346.0,cellbio,False,,
10.1016/j.celrep.2021.109401,34289371.0,cellbio,False,,
10.1016/j.celrep.2021.109399,34289347.0,cellbio,True,1.0,99.0
10.1016/j.celrep.2021.109398,34289350.0,cellbio,True,1.0,99.0
10.1016/j.celrep.2021.109397,34289369.0,cellbio,False,,
10.1016/j.celrep.2021.109396,34289359.0,cellbio,True,1.0,99.0
10.1016/j.celrep.2021.109395,34289351.0,cellbio,False,,
10.1016/j.celrep.2021.109394,34289372.0,cellbio,True,1.0,99.0
10.1016/j.celrep.2021.109392,34289364.0,cellbio,True,1.0,99.0
10.1016/j.celrep.2021.109351,34289360.0,cellbio,False,,
10.1016/j.cels.2021.06.004,34293322.0,cellbio,False,,
10.1016/j.celrep.2021.109435,34289362.0,cellbio,False,,
10.1016/j.celrep.2021.109416,34289367.0,cellbio,True,1.0,99.0
10.1016/j.cels.2021.06.003,34293323.0,cellbio,False,,
10.1016/j.celrep.2021.109393,34289365.0,cellbio,False,,
10.1016/j.celrep.2021.109454,34289363.0,cellbio,False,,
10.1016/j.celrep.2021.109453,34289361.0,cellbio,False,,
10.1016/j.molcel.2021.06.018,34270942.0,cellbio,False,,
10.1016/j.molcel.2021.06.030,34270941.0,cellbio,False,,
10.1016/j.molcel.2021.06.022,34270943.0,cellbio,False,,
10.1016/j.molcel.2021.06.029,34270944.0,cellbio,False,,
10.1016/j.celrep.2021.109390,34260911.0,cellbio,True,1.0,99.0
10.1016/j.celrep.2021.109371,34260930.0,cellbio,True,1.0,99.0
10.1016/j.celrep.2021.109370,34260929.0,cellbio,False,,
10.1016/j.celrep.2021.109375,34260912.0,cellbio,True,1.0,99.0
10.1016/j.celrep.2021.109374,34260945.0,cellbio,False,,
10.1016/j.celrep.2021.109386,34260914.0,cellbio,True,0.0,21.0
10.1016/j.celrep.2021.109345,34260923.0,cellbio,True,1.0,99.0
10.1016/j.celrep.2021.109358,34260939.0,cellbio,False,,
10.1016/j.celrep.2021.109372,34260908.0,cellbio,True,1.0,99.0
10.1016/j.celrep.2021.109350,34260909.0,cellbio,False,,
10.1016/j.celrep.2021.109373,34260933.0,cellbio,True,1.0,99.0
10.1016/j.celrep.2021.109381,34260906.0,cellbio,False,,
10.1016/j.celrep.2021.109343,34260926.0,cellbio,True,1.0,99.0
10.1016/j.celrep.2021.109363,34260934.0,cellbio,True,1.0,99.0
10.1016/j.celrep.2021.109367,34260938.0,cellbio,True,0.0,23.0
10.1016/j.celrep.2021.109383,34260925.0,cellbio,True,1.0,99.0
10.1016/j.celrep.2021.109369,34260917.0,cellbio,True,1.0,99.0
10.1016/j.celrep.2021.109368,34260944.0,cellbio,False,,
10.1016/j.celrep.2021.109366,34260943.0,cellbio,True,0.0,23.0
10.1016/j.celrep.2021.109352,34260921.0,cellbio,False,,
10.1016/j.celrep.2021.109337,34260915.0,cellbio,True,1.0,99.0
10.1016/j.celrep.2021.109347,34260916.0,cellbio,False,,
10.1016/j.celrep.2021.109346,34260918.0,cellbio,False,,
10.1016/j.celrep.2021.109376,34260931.0,cellbio,True,1.0,99.0
10.1016/j.celrep.2021.109378,34260940.0,cellbio,False,,
10.1016/j.celrep.2021.109349,34260907.0,cellbio,False,,
10.1016/j.celrep.2021.109380,34260913.0,cellbio,True,1.0,99.0
10.1016/j.celrep.2021.109362,34260928.0,cellbio,False,,
10.1016/j.celrep.2021.109379,34260919.0,cellbio,False,,
10.1016/j.celrep.2021.109387,34260910.0,cellbio,False,,
10.1016/j.celrep.2021.109360,34260922.0,cellbio,True,0.0,23.0
10.1016/j.celrep.2021.109357,34260936.0,cellbio,True,1.0,99.0
10.1016/j.celrep.2021.109361,34260942.0,cellbio,True,0.0,23.0
10.1016/j.celrep.2021.109348,34260932.0,cellbio,True,1.0,99.0
10.1016/j.celrep.2021.109365,34260924.0,cellbio,True,0.0,23.0
10.1016/j.celrep.2021.109359,34260935.0,cellbio,True,1.0,99.0
10.1016/j.celrep.2021.109344,34260905.0,cellbio,False,,
10.1016/j.celrep.2021.109382,34260920.0,cellbio,False,,
10.1016/j.celrep.2021.109377,34260937.0,cellbio,False,,
10.1016/j.celrep.2021.109384,34260941.0,cellbio,True,1.0,99.0
10.1016/j.celrep.2021.109388,34260927.0,cellbio,False,,
10.1016/j.devcel.2021.06.016,34256927.0,cellbio,False,,
10.1016/j.cub.2021.05.005,34256909.0,cellbio,False,,
10.1016/j.cub.2021.05.065,34256921.0,cellbio,False,,
10.1016/j.cub.2021.05.030,34256920.0,cellbio,False,,
10.1016/j.cub.2021.05.011,34256916.0,cellbio,False,,
10.1016/j.cub.2021.05.003,34256913.0,cellbio,False,,
10.1016/j.cub.2021.06.003,,cellbio,False,,
10.1016/j.cub.2021.05.048,34256910.0,cellbio,False,,
10.1016/j.cub.2021.06.057,,cellbio,False,,
10.1016/j.cub.2021.05.049,34256922.0,cellbio,False,,
10.1016/j.cub.2021.05.059,34256915.0,cellbio,False,,
10.1016/j.ccell.2021.06.011,34256907.0,cellbio,False,,
10.1016/j.ccell.2021.06.012,34256903.0,cellbio,False,,
10.1016/j.ccell.2021.06.007,34256904.0,cellbio,False,,
10.1016/j.ccell.2021.06.006,34256906.0,cellbio,False,,
10.1016/j.cub.2021.05.004,34256914.0,cellbio,False,,
10.1016/j.ccell.2021.06.008,34256905.0,cellbio,False,,
10.1016/j.cub.2021.05.012,34256919.0,cellbio,False,,
10.1016/j.ccell.2021.06.013,34256908.0,cellbio,False,,
10.1016/j.devcel.2021.06.017,34256926.0,cellbio,False,,
10.1016/j.cub.2021.05.058,34256911.0,cellbio,False,,
10.1016/j.cub.2021.05.016,34256917.0,cellbio,False,,
10.1016/j.cub.2021.05.031,34256912.0,cellbio,False,,
10.1016/j.cub.2021.05.032,34256918.0,cellbio,False,,
10.1165/rcmb.2020-0339le,34241585.0,cellbio,False,,
10.1165/rcmb.2021-0049le,34241584.0,cellbio,False,,
10.1165/rcmb.651redalert,,cellbio,False,,
10.1016/j.cell.2021.06.016,34242562.0,cellbio,False,,
10.1016/j.cell.2021.06.017,34242559.0,cellbio,False,,
10.1016/j.cell.2021.06.014,34242561.0,cellbio,False,,
10.1016/j.cell.2021.06.013,34242560.0,cellbio,False,,
10.1016/j.celrep.2021.109314,34233190.0,cellbio,True,1.0,99.0
10.1016/j.celrep.2021.109326,34233197.0,cellbio,False,,
10.1016/j.celrep.2021.109254,34233189.0,cellbio,True,1.0,99.0
10.1016/j.celrep.2021.109324,34233196.0,cellbio,False,,
10.1016/j.celrep.2021.109309,34233193.0,cellbio,True,1.0,99.0
10.1016/j.celrep.2021.109308,34233199.0,cellbio,False,,
10.1016/j.celrep.2021.109338,34233182.0,cellbio,True,1.0,99.0
10.1016/j.cmet.2021.06.002,34233167.0,cellbio,False,,
10.1016/j.celrep.2021.109310,34233187.0,cellbio,False,,
10.1016/j.cmet.2021.06.008,34233170.0,cellbio,False,,
10.1016/j.celrep.2021.109315,34233200.0,cellbio,True,0.0,23.0
10.1016/j.celrep.2021.109311,34233188.0,cellbio,False,,
10.1016/j.celrep.2021.109336,34233179.0,cellbio,True,1.0,99.0
10.1016/j.celrep.2021.109318,34233185.0,cellbio,False,,
10.1016/j.celrep.2021.109325,34233183.0,cellbio,False,,
10.1016/j.celrep.2021.109339,34233194.0,cellbio,False,,
10.1016/j.cmet.2021.06.009,34233171.0,cellbio,False,,
10.1016/j.cmet.2021.06.010,34233168.0,cellbio,False,,
10.1016/j.celrep.2021.109334,34233184.0,cellbio,False,,
10.1016/j.celrep.2021.109327,34233198.0,cellbio,True,1.0,99.0
10.1016/j.celrep.2021.109332,34233192.0,cellbio,False,,
10.1016/j.celrep.2021.109340,34233186.0,cellbio,True,1.0,99.0
10.1016/j.cmet.2021.06.006,34233172.0,cellbio,False,,
10.1016/j.cmet.2021.06.003,34233169.0,cellbio,False,,
10.1016/j.celrep.2021.109313,34233180.0,cellbio,False,,
10.1016/j.celrep.2021.109335,34233178.0,cellbio,False,,
10.1016/j.celrep.2021.109316,34233176.0,cellbio,False,,
10.1016/j.celrep.2021.109333,34233191.0,cellbio,True,1.0,99.0
10.1016/j.stem.2021.06.001,34214435.0,cellbio,False,,
10.1016/j.molcel.2021.06.007,34214443.0,cellbio,False,,
10.15252/embr.202152547,34197022.0,cellbio,False,,
10.15252/embr.202152835,34196465.0,cellbio,False,,
10.1111/cpr.13090,34197016.0,cellbio,False,,
10.1111/acel.13362,34197020.0,cellbio,False,,
10.1016/j.molcel.2021.06.012,34214444.0,cellbio,False,,
10.1016/j.molcel.2021.06.013,34214442.0,cellbio,False,,
10.1016/j.molcel.2021.05.030,34214441.0,cellbio,False,,
10.1016/j.stem.2021.06.002,34214437.0,cellbio,False,,
10.1016/j.molcel.2021.06.015,34214445.0,cellbio,True,0.0,23.0
10.1016/j.stem.2021.06.003,34214436.0,cellbio,False,,
10.1165/rcmb.2020-0475oc,33788674.0,cellbio,False,,
10.1165/rcmb.2020-0464oc,33789072.0,cellbio,False,,
10.1165/rcmb.2021-0004oc,33784484.0,cellbio,False,,
10.1165/rcmb.2020-0289oc,33780653.0,cellbio,False,,
10.1165/rcmb.2020-0320oc,33761308.0,cellbio,True,1.0,99.0
10.1165/rcmb.2020-0391oc,33761305.0,cellbio,True,1.0,99.0
10.1165/rcmb.2020-0397ws,33625958.0,cellbio,False,,
10.1016/j.bpsc.2021.07.008,34343726.0,neurosci,False,,
10.1016/j.bbi.2021.07.022,34343616.0,neurosci,False,,
10.1016/j.pneurobio.2021.102128,34343630.0,neurosci,False,,
10.1016/j.neuroimage.2021.118444,34343627.0,neurosci,False,,
10.1016/j.pneurobio.2021.102127,34343631.0,neurosci,False,,
10.1186/s12974-021-02217-9,34332594.0,neurosci,True,1.0,99.0
10.1186/s12974-021-02208-w,34332596.0,neurosci,True,1.0,99.0
10.1016/j.neunet.2021.07.025,34403908.0,neurosci,False,,
10.1007/s12035-021-02481-z,34331656.0,neurosci,True,1.0,99.0
10.1093/sleep/zsab193,34331445.0,neurosci,False,,
10.1016/j.neubiorev.2021.07.034,34339710.0,neurosci,False,,
10.1016/j.ynstr.2021.100374,34401410.0,neurosci,False,,
10.1016/j.bbi.2021.06.008,34343615.0,neurosci,False,,
10.1038/s41386-021-01104-4,34333555.0,neurosci,False,,
10.1016/j.pneurobio.2021.102129,34343629.0,neurosci,False,,
10.1111/ene.15043,34331352.0,neurosci,False,,
10.1016/j.bbi.2021.07.025,34343619.0,neurosci,False,,
10.1016/j.bbi.2021.07.016,34343617.0,neurosci,False,,
10.1016/j.biopsych.2021.07.023,34561028.0,neurosci,False,,
10.1016/j.bbi.2021.07.023,34343618.0,neurosci,False,,
10.1016/j.dcn.2021.100996,34388637.0,neurosci,False,,
10.1016/j.neuroimage.2021.118442,34339831.0,neurosci,False,,
10.1016/j.neubiorev.2021.07.029,34339708.0,neurosci,False,,
10.1016/j.jpain.2021.07.002,34339858.0,neurosci,False,,
10.1111/jnc.15472,34265077.0,neurosci,True,1.0,99.0
10.1111/jnc.15469,34263932.0,neurosci,False,,
10.1111/jnc.15468,34254317.0,neurosci,True,1.0,99.0
10.1093/cercor/bhab212,34339495.0,neurosci,False,,
10.1093/cercor/bhab245,34339505.0,neurosci,False,,
10.1093/cercor/bhab227,34339488.0,neurosci,False,,
10.1093/cercor/bhab211,34339499.0,neurosci,False,,
10.1016/j.neuron.2021.07.014,34358432.0,neurosci,False,,
10.1093/sleep/zsab194,34331543.0,neurosci,False,,
10.3233/jpd-212748,34334423.0,neurosci,False,,
10.3233/jpd-212726,34334422.0,neurosci,False,,
10.1523/jneurosci.3099-20.2021,34330776.0,neurosci,False,,
10.1523/jneurosci.1393-21.2021,34330777.0,neurosci,False,,
10.1523/jneurosci.1350-20.2021,34330774.0,neurosci,False,,
10.1523/jneurosci.0657-21.2021,34330775.0,neurosci,False,,
10.1523/jneurosci.0641-20.2021,34330772.0,neurosci,False,,
10.1523/jneurosci.0073-21.2021,34330773.0,neurosci,False,,
10.1186/s10194-021-01295-7,34330208.0,neurosci,False,,
10.1177/13524585211035318,34328824.0,neurosci,False,,
10.1177/13524585211032510,34328817.0,neurosci,False,,
10.1177/13524585211031791,34328821.0,neurosci,False,,
10.1093/sleep/zsab191,34329479.0,neurosci,False,,
10.1093/sleep/zsab184,34329476.0,neurosci,False,,
10.1038/s41386-021-01098-z,34331010.0,neurosci,False,,
10.1007/s12035-021-02447-1,34331199.0,neurosci,False,,
10.1007/s12035-021-02475-x,34328616.0,neurosci,True,1.0,99.0
10.1016/j.neuroimage.2021.118441,34339832.0,neurosci,False,,
10.1016/j.bbi.2021.07.024,34339804.0,neurosci,False,,
10.1111/ene.15041,34327786.0,neurosci,False,,
10.1111/bpa.13004,34327765.0,neurosci,False,,
10.3389/fnagi.2021.688926,34421570.0,neurosci,False,,
10.1111/ene.15042,34328669.0,neurosci,False,,
10.1016/j.brs.2021.07.010,34339891.0,neurosci,False,,
10.1016/j.brs.2021.07.061,34339890.0,neurosci,False,,
10.1038/s41380-021-01230-x,34331007.0,neurosci,True,1.0,99.0
10.3389/fncel.2021.695817,34393726.0,neurosci,False,,
10.3389/fnagi.2021.625081,34393752.0,neurosci,False,,
10.3389/fncel.2021.692232,34393725.0,neurosci,False,,
10.1016/j.bbi.2021.07.018,34339806.0,neurosci,False,,
10.1016/j.pneurobio.2021.102126,34339808.0,neurosci,False,,
10.1016/j.neuroimage.2021.118439,34339830.0,neurosci,False,,
10.1038/s41380-021-01238-3,34331009.0,neurosci,False,,
10.3389/fnagi.2021.697065,34393760.0,neurosci,False,,
10.3389/fnagi.2021.665348,34393754.0,neurosci,True,1.0,99.0
10.1002/glia.24067,34329508.0,neurosci,True,1.0,99.0
10.1016/j.bbi.2021.07.017,34339805.0,neurosci,False,,
10.1111/ene.15040,34327787.0,neurosci,False,,
10.3389/fnagi.2021.709620,34393762.0,neurosci,False,,
10.1016/j.neubiorev.2021.07.031,34339709.0,neurosci,False,,
10.3389/fnagi.2021.675158,34393756.0,neurosci,False,,
10.1038/s41380-021-01228-5,34331008.0,neurosci,True,1.0,99.0
10.3389/fnagi.2021.657095,34393753.0,neurosci,True,1.0,99.0
10.3389/fnagi.2021.687927,34393757.0,neurosci,False,,
10.1016/j.nbd.2021.105454,34333153.0,neurosci,True,1.0,99.0
10.1111/ene.14959,34327760.0,neurosci,False,,
10.1111/jpi.12755,34214200.0,neurosci,True,1.0,99.0
10.1093/cercor/bhab237,34331060.0,neurosci,False,,
10.1111/jpi.12753,34129741.0,neurosci,False,,
10.1097/j.pain.0000000000002425,34338244.0,neurosci,False,,
10.1097/j.pain.0000000000002419,34338243.0,neurosci,False,,
10.1097/j.pain.0000000000002418,34338242.0,neurosci,False,,
10.3233/jpd-212687,34334420.0,neurosci,False,,
10.3233/jpd-212612,34334419.0,neurosci,False,,
10.1523/jneurosci.0612-21.2021,34326150.0,neurosci,False,,
10.1523/jneurosci.0611-21.2021,34326149.0,neurosci,False,,
10.1523/jneurosci.0610-21.2021,34326148.0,neurosci,False,,
10.1523/jneurosci.0613-21.2021,34326147.0,neurosci,False,,
10.1523/jneurosci.0440-21.2021,34326146.0,neurosci,True,1.0,99.0
10.1523/jneurosci.3055-20.2021,34326145.0,neurosci,False,,
10.1523/jneurosci.0300-21.2021,34326144.0,neurosci,False,,
10.1523/jneurosci.0669-21.2021,34326143.0,neurosci,False,,
10.1523/jneurosci.2459-20.2021,34326142.0,neurosci,False,,
10.1523/jneurosci.2913-20.2021,34326141.0,neurosci,False,,
10.1186/s40035-021-00251-4,34325746.0,neurosci,False,,
10.1186/s10194-021-01302-x,34325647.0,neurosci,True,1.0,99.0
10.1007/s12559-021-09866-1,,neurosci,False,,
10.1186/s12987-021-00270-3,34325703.0,neurosci,False,,
10.1186/s12974-021-02210-2,34325716.0,neurosci,True,1.0,99.0
10.1093/brain/awab284,34324658.0,neurosci,False,,
10.1007/s00401-021-02350-y,34324063.0,neurosci,True,1.0,99.0
10.1093/sleep/zsab190,34323993.0,neurosci,False,,
10.1093/sleep/zsab192,34323992.0,neurosci,False,,
10.1093/brain/awab172,34323950.0,neurosci,False,,
10.3389/fnagi.2021.674071,34393755.0,neurosci,False,,
10.1016/j.bbi.2021.07.015,34333111.0,neurosci,True,1.0,99.0
10.1016/j.neuroimage.2021.118440,34333107.0,neurosci,False,,
10.1016/j.bbi.2021.07.019,34333113.0,neurosci,False,,
10.1016/j.bbi.2021.07.020,34333112.0,neurosci,False,,
10.3389/fnagi.2021.696174,34393759.0,neurosci,False,,
10.1038/s41593-021-00884-8,34326540.0,neurosci,False,,
10.1038/s41562-021-01170-0,34326487.0,neurosci,False,,
10.1016/j.neunet.2021.07.026,34399375.0,neurosci,False,,
10.1016/j.pneurobio.2021.102125,34333040.0,neurosci,True,1.0,99.0
10.1016/j.ynstr.2021.100371,34458511.0,neurosci,False,,
10.1038/s41593-021-00893-7,34326539.0,neurosci,False,,
10.1016/j.neuroimage.2021.118438,34332042.0,neurosci,False,,
10.1016/j.brs.2021.07.014,34333166.0,neurosci,False,,
10.1016/j.neuroimage.2021.118434,34333106.0,neurosci,False,,
10.1016/j.neunet.2021.07.027,34392126.0,neurosci,False,,
10.1002/ana.26170,,neurosci,False,,
10.1038/s41386-021-01107-1,34326477.0,neurosci,False,,
10.1016/j.dcn.2021.100995,34364173.0,neurosci,False,,
10.1002/glia.24066,34324225.0,neurosci,False,,
10.1016/j.brs.2021.07.019,34333167.0,neurosci,False,,
10.1016/j.biopsych.2021.07.021,34556257.0,neurosci,False,,
10.1016/j.brs.2021.07.018,34332155.0,neurosci,False,,
10.1016/j.neunet.2021.07.028,34375808.0,neurosci,False,,
10.3389/fnagi.2021.694676,34393758.0,neurosci,False,,
10.1002/ana.26155,34216039.0,neurosci,False,,
10.1002/ana.26152,34216396.0,neurosci,False,,
10.1093/cercor/bhab223,34322704.0,neurosci,False,,
10.1093/cercor/bhab199,34322712.0,neurosci,False,,
10.3233/jpd-212761,34334424.0,neurosci,False,,
10.1097/j.pain.0000000000002422,34326298.0,neurosci,False,,
10.1097/j.pain.0000000000002421,34326297.0,neurosci,True,1.0,99.0
10.1097/j.pain.0000000000002416,34326296.0,neurosci,False,,
10.1097/j.pain.0000000000002415,34326295.0,neurosci,False,,
10.1097/j.pain.0000000000002417,34326294.0,neurosci,False,,
10.1097/j.pain.0000000000002420,34326293.0,neurosci,False,,
10.1097/j.pain.0000000000002423,34326292.0,neurosci,False,,
10.1523/jneurosci.0701-21.2021,34321336.0,neurosci,False,,
10.1212/nxi.0000000000001055,34321333.0,neurosci,False,,
10.1212/nxi.0000000000001048,34321332.0,neurosci,False,,
10.1212/nxi.0000000000001032,34321331.0,neurosci,False,,
10.1523/jneurosci.0101-21.2021,34321314.0,neurosci,False,,
10.1523/jneurosci.0928-20.2021,34321313.0,neurosci,True,0.0,21.0
10.1523/jneurosci.3225-20.2021,34321312.0,neurosci,False,,
10.1007/s00401-021-02342-y,34319442.0,neurosci,False,,
10.1523/jneurosci.twij.41.30.2021,,neurosci,False,,
10.1007/s00401-021-02352-w,34322742.0,neurosci,False,,
10.1007/s12035-021-02496-6,34319540.0,neurosci,True,1.0,99.0
10.1016/j.brs.2021.07.012,34332156.0,neurosci,False,,
10.3389/fnagi.2021.721937,34393765.0,neurosci,False,,
10.1111/bpa.13009,34319632.0,neurosci,False,,
10.3389/fncel.2021.667046,34393723.0,neurosci,False,,
10.1038/s41380-021-01211-0,34321594.0,neurosci,False,,
10.1016/j.brs.2021.07.017,34329796.0,neurosci,False,,
10.3389/fnagi.2021.706544,34393761.0,neurosci,False,,
10.1038/s41386-021-01114-2,34321598.0,neurosci,False,,
10.1038/s41380-021-01229-4,34316005.0,neurosci,False,,
10.3389/fnagi.2021.711195,34393763.0,neurosci,False,,
10.1016/j.ynstr.2021.100373,34401409.0,neurosci,True,1.0,99.0
10.1016/j.neuroimage.2021.118436,34329724.0,neurosci,False,,
10.1016/j.neuroimage.2021.118431,34329723.0,neurosci,False,,
10.3389/fncel.2021.668500,34393724.0,neurosci,False,,
10.1038/s41380-021-01237-4,34321593.0,neurosci,True,1.0,99.0
10.1038/s41562-021-01179-5,34321615.0,neurosci,False,,
10.3389/fnagi.2021.716616,34393764.0,neurosci,True,1.0,99.0
10.1038/s41386-021-01110-6,34321597.0,neurosci,False,,
10.1016/j.neuroimage.2021.118437,34332043.0,neurosci,False,,
10.1016/j.bbi.2021.07.014,34332041.0,neurosci,False,,
10.1186/s12987-021-00269-w,34321020.0,neurosci,False,,
10.1186/s40035-021-00249-y,34315539.0,neurosci,True,1.0,99.0
10.1186/s10194-021-01297-5,34320921.0,neurosci,False,,
10.1111/jnc.15470,34265079.0,neurosci,False,,
10.1093/cercor/bhab235,34322696.0,neurosci,False,,
10.1093/cercor/bhab218,34322692.0,neurosci,False,,
10.1093/brain/awab197,34323961.0,neurosci,False,,
10.1523/jneurosci.0438-21.2021,34315810.0,neurosci,False,,
10.1088/1741-2552/ac127e,34314384.0,neurosci,False,,
10.1007/s12559-021-09895-w,,neurosci,False,,
10.1016/j.neuroimage.2021.118433,34324975.0,neurosci,False,,
10.1111/nan.12757,34318515.0,neurosci,False,,
10.1186/s13195-021-00863-y,34315519.0,neurosci,False,,
10.1186/s40478-021-01231-5,34315531.0,neurosci,True,1.0,99.0
10.1186/s10194-021-01299-3,34315403.0,neurosci,True,1.0,99.0
10.1093/sleep/zsab186,34313789.0,neurosci,False,,
10.1177/13524585211030647,34313513.0,neurosci,False,,
10.1007/s12035-021-02485-9,34312772.0,neurosci,False,,
10.3389/fncel.2021.699978,34385909.0,neurosci,False,,
10.3389/fnagi.2021.679933,34385913.0,neurosci,False,,
10.1016/j.neuroimage.2021.118435,34324976.0,neurosci,False,,
10.1111/nan.12750,34312900.0,neurosci,True,1.0,99.0
10.1038/s41380-021-01203-0,34316004.0,neurosci,False,,
10.3389/fnagi.2021.656990,34385912.0,neurosci,False,,
10.1111/bdi.13119,34314549.0,neurosci,False,,
10.1016/j.brs.2021.07.013,34329797.0,neurosci,False,,
10.1111/nan.12756,34312912.0,neurosci,True,1.0,99.0
10.1016/j.brs.2021.07.016,34329795.0,neurosci,False,,
10.1038/s41562-021-01176-8,34316049.0,neurosci,False,,
10.3389/fnmol.2021.709228,34385907.0,neurosci,False,,
10.1002/glia.24064,34314531.0,neurosci,False,,
10.1111/bpa.13010,34314078.0,neurosci,False,,
10.1016/j.biopsych.2021.07.017,34561029.0,neurosci,False,,
10.1007/s12035-021-02490-y,34312771.0,neurosci,True,1.0,99.0
10.1088/1741-2552/ac1176,34229307.0,neurosci,False,,
10.1093/cercor/bhab204,34590113.0,neurosci,False,,
10.1093/cercor/bhab246,34313709.0,neurosci,False,,
10.1093/cercor/bhab180,34313731.0,neurosci,False,,
10.1093/brain/awab210,34312661.0,neurosci,False,,
10.1093/cercor/bhab175,34313717.0,neurosci,False,,
10.1093/brain/awab202,34312662.0,neurosci,False,,
10.1097/j.pain.0000000000002333,34001768.0,neurosci,False,,
10.3233/jpd-212688,34334421.0,neurosci,False,,
10.3233/jpd-202512,34334418.0,neurosci,True,1.0,99.0
10.1097/j.pain.0000000000002424,34321411.0,neurosci,False,,
10.1523/jneurosci.0863-21.2021,34312223.0,neurosci,False,,
10.1186/s13229-021-00458-2,34311771.0,neurosci,False,,
10.1186/s13195-021-00873-w,34311775.0,neurosci,False,,
10.1186/s12974-021-02214-y,34311763.0,neurosci,True,0.0,22.0
10.1186/s12974-021-02213-z,34311746.0,neurosci,True,1.0,99.0
10.1186/s10194-021-01287-7,34311696.0,neurosci,False,,
10.1007/s13311-021-01094-7,34312767.0,neurosci,False,,
10.1007/s13311-021-01092-9,34312765.0,neurosci,True,1.0,99.0
10.1007/s13311-021-01069-8,34312766.0,neurosci,True,1.0,99.0
10.1007/s12559-021-09904-y,,neurosci,False,,
10.1007/s13311-021-01091-w,34309789.0,neurosci,False,,
10.1007/s00401-021-02343-x,34309761.0,neurosci,False,,
10.1007/s00401-021-02349-5,34309760.0,neurosci,False,,
10.1177/13524585211030207,34304636.0,neurosci,False,,
10.1177/0271678x211033732,34304623.0,neurosci,False,,
10.1177/0271678x211034096,34304622.0,neurosci,False,,
10.1177/13524585211031801,34304609.0,neurosci,False,,
10.1016/j.neubiorev.2021.07.028,34324919.0,neurosci,False,,
10.1002/glia.23985,34309082.0,neurosci,False,,
10.1016/j.bpsc.2021.07.006,34325047.0,neurosci,False,,
10.1016/j.biopsych.2021.07.018,34538422.0,neurosci,False,,
10.1002/glia.24065,34310727.0,neurosci,True,1.0,99.0
10.3389/fncel.2021.716747,34381337.0,neurosci,False,,
10.1111/ene.15037,34309986.0,neurosci,False,,
10.1038/s41386-021-01113-3,34312494.0,neurosci,False,,
10.3389/fncel.2021.705618,34381335.0,neurosci,False,,
10.1002/glia.24062,34310753.0,neurosci,False,,
10.3389/fncel.2021.703810,34381334.0,neurosci,False,,
10.3389/fnagi.2021.632891,34381349.0,neurosci,False,,
10.3389/fnagi.2021.695210,34381352.0,neurosci,False,,
10.1016/j.ynstr.2021.100372,34401408.0,neurosci,True,1.0,99.0
10.1016/j.neubiorev.2021.07.027,34324918.0,neurosci,False,,
10.1111/ene.15038,34309146.0,neurosci,False,,
10.1111/ene.15036,34310802.0,neurosci,False,,
10.1111/nan.12755,34309064.0,neurosci,False,,
10.3389/fnagi.2021.688478,34381351.0,neurosci,False,,
10.1111/ene.15035,34310820.0,neurosci,False,,
10.1016/j.neuron.2021.06.030,34314698.0,neurosci,False,,
10.3389/fnagi.2021.695232,34381353.0,neurosci,False,,
10.3389/fnagi.2021.695115,34504418.0,neurosci,False,,
10.1038/s41386-021-01100-8,34312496.0,neurosci,False,,
10.1016/j.neubiorev.2021.07.025,34324920.0,neurosci,False,,
10.1111/ene.15039,34309155.0,neurosci,False,,
10.1038/s41531-021-00203-9,34312398.0,neurosci,False,,
10.1016/j.neunet.2021.07.023,34399376.0,neurosci,False,,
10.3389/fncel.2021.707789,34381336.0,neurosci,False,,
10.3389/fncel.2021.660773,34381333.0,neurosci,False,,
10.3389/fnmol.2021.682320,34381332.0,neurosci,True,1.0,99.0
10.1038/s41386-021-01115-1,34312495.0,neurosci,False,,
10.1038/s41380-021-01185-z,34305137.0,neurosci,False,,
10.1088/1741-2552/ac127f,34237711.0,neurosci,False,,
10.1111/ene.15015,34242461.0,neurosci,False,,
10.1088/1741-2552/ac1175,34229315.0,neurosci,False,,
10.1088/1741-2552/ac1178,34229314.0,neurosci,False,,
10.1111/ene.15012,34233064.0,neurosci,False,,
10.1088/1741-2552/ac1037,34192674.0,neurosci,False,,
10.1111/nan.12744,34173252.0,neurosci,True,1.0,99.0
10.1186/s12974-021-02203-1,34304733.0,neurosci,True,1.0,99.0
10.1007/s12975-021-00931-3,34304360.0,neurosci,False,,
10.1007/s00401-021-02344-w,34304282.0,neurosci,False,,
10.1016/j.bbi.2021.07.011,34320382.0,neurosci,False,,
10.1016/j.biopsych.2021.07.019,34598785.0,neurosci,False,,
10.1007/s00401-021-02347-7,34302498.0,neurosci,True,1.0,99.0
10.1093/brain/awab281,34302466.0,neurosci,False,,
10.1007/s12035-021-02479-7,34302281.0,neurosci,True,1.0,99.0
10.1016/j.neunet.2021.07.016,34343777.0,neurosci,False,,
10.1016/j.biopsych.2021.07.016,34607654.0,neurosci,False,,
10.1016/j.ynstr.2021.100370,34381852.0,neurosci,False,,
10.1016/j.neuroimage.2021.118424,34311067.0,neurosci,False,,
10.1016/j.pneurobio.2021.102124,34314775.0,neurosci,False,,
10.1016/j.neuroimage.2021.118429,34311068.0,neurosci,False,,
10.1016/j.neubiorev.2021.07.023,34310976.0,neurosci,False,,
10.1016/j.neunet.2021.07.011,34391175.0,neurosci,False,,
10.1016/j.nbd.2021.105453,34314857.0,neurosci,False,,
10.1016/j.neubiorev.2021.07.026,34314751.0,neurosci,False,,
10.1016/j.biopsych.2021.07.015,34593204.0,neurosci,False,,
10.1016/j.neuroimage.2021.118427,34311069.0,neurosci,False,,
10.1016/j.neuroimage.2021.118430,34314848.0,neurosci,False,,
10.1016/j.neubiorev.2021.07.024,34310975.0,neurosci,False,,
10.1016/j.neuroimage.2021.118428,34311066.0,neurosci,False,,
10.3233/jpd-212735,34308913.0,neurosci,False,,
10.1523/jneurosci.0380-20.2021,34301831.0,neurosci,False,,
10.1523/jneurosci.3127-20.2021,34301830.0,neurosci,False,,
10.1523/jneurosci.2799-20.2021,34301829.0,neurosci,False,,
10.1212/nxi.0000000000001053,34301822.0,neurosci,False,,
10.1212/nxi.0000000000001043,34301821.0,neurosci,False,,
10.1093/sleep/zsab189,34297128.0,neurosci,False,,
10.1177/13524585211034450,34296624.0,neurosci,False,,
10.1186/s10194-021-01292-w,34301173.0,neurosci,False,,
10.1007/s12559-020-09792-8,,neurosci,False,,
10.1016/j.neuroimage.2021.118423,34303794.0,neurosci,False,,
10.1093/cercor/bhab270,34296751.0,neurosci,False,,
10.1186/s13024-021-00473-0,34301296.0,neurosci,False,,
10.1186/s10194-021-01296-6,34301180.0,neurosci,True,0.0,21.0
10.1016/j.nbd.2021.105450,34303799.0,neurosci,True,1.0,99.0
10.1007/s12035-021-02423-9,34297315.0,neurosci,False,,
10.1038/s41386-021-01097-0,34302059.0,neurosci,False,,
10.1111/bpa.13007,34297428.0,neurosci,False,,
10.1016/j.neubiorev.2021.07.021,34310977.0,neurosci,False,,
10.1016/j.biopsych.2021.07.014,34548146.0,neurosci,True,1.0,99.0
10.3389/fnmol.2021.713031,34366786.0,neurosci,False,,
10.3389/fnmol.2021.722234,34366787.0,neurosci,False,,
10.1111/jnc.15467,34296424.0,neurosci,False,,
10.1111/bdi.13104,34296499.0,neurosci,False,,
10.3389/fnagi.2021.713726,34366832.0,neurosci,False,,
10.1038/s41386-021-01112-4,34302058.0,neurosci,False,,
10.1111/bdi.13114,34297457.0,neurosci,False,,
10.3389/fnagi.2021.711579,34366830.0,neurosci,False,,
10.1111/bpa.13008,34297434.0,neurosci,False,,
10.1016/j.neuroimage.2021.118400,34311382.0,neurosci,False,,
10.1111/nan.12754,34296770.0,neurosci,False,,
10.3389/fncel.2021.707813,34366791.0,neurosci,False,,
10.1111/nan.12751,34297860.0,neurosci,False,,
10.1016/j.bpsc.2021.07.005,34311121.0,neurosci,False,,
10.1111/nan.12752,34297438.0,neurosci,False,,
10.1016/j.neuroimage.2021.118425,34303795.0,neurosci,False,,
10.3389/fncel.2021.697560,34385908.0,neurosci,False,,
10.3389/fncel.2021.705660,34366790.0,neurosci,False,,
10.1111/bpa.13003,34297453.0,neurosci,False,,
10.3389/fncel.2021.728508,34366793.0,neurosci,False,,
10.1111/nan.12753,34297416.0,neurosci,False,,
10.3389/fnagi.2021.730527,34366833.0,neurosci,False,,
10.1093/brain/awab242,34297092.0,neurosci,False,,
10.1093/cercor/bhab241,34297809.0,neurosci,True,0.0,21.0
10.1088/1741-2552/ac1179,34229310.0,neurosci,False,,
10.1088/1741-2552/ac1177,34229308.0,neurosci,False,,
10.1111/bdi.13109,34214241.0,neurosci,False,,
10.1111/ene.14999,34176186.0,neurosci,False,,
10.1093/cercor/bhab234,34297798.0,neurosci,True,1.0,99.0
10.1093/cercor/bhab232,34297795.0,neurosci,False,,
10.1093/cercor/bhab231,34297804.0,neurosci,False,,
10.1093/cercor/bhab228,34297816.0,neurosci,False,,
10.1093/cercor/bhab184,34296740.0,neurosci,False,,
10.1093/cercor/bhab154,34297815.0,neurosci,False,,
10.1523/jneurosci.0357-21.2021,34301828.0,neurosci,False,,
10.1523/jneurosci.2814-20.2021,34301827.0,neurosci,False,,
10.1523/jneurosci.2440-20.2021,34301826.0,neurosci,False,,
10.1523/jneurosci.0213-21.2021,34301825.0,neurosci,False,,
10.1523/jneurosci.0415-21.2021,34301824.0,neurosci,False,,
10.1177/0271678x211033358,34293940.0,neurosci,False,,
10.1177/0271678x211032737,34293939.0,neurosci,True,1.0,99.0
10.1093/sleep/zsab187,34291803.0,neurosci,False,,
10.1016/j.bpsc.2021.07.004,34303848.0,neurosci,False,,
10.1016/j.bpsc.2021.07.003,34303847.0,neurosci,False,,
10.1212/nxi.0000000000001052,34301820.0,neurosci,False,,
10.1016/j.neuroimage.2021.118418,34303793.0,neurosci,False,,
10.1093/sleep/zsab185,34291808.0,neurosci,False,,
10.1007/s00401-021-02348-6,34292399.0,neurosci,True,1.0,99.0
10.1016/j.neunet.2021.07.021,34343775.0,neurosci,False,,
10.1523/jneurosci.1294-21.2021,34301832.0,neurosci,False,,
10.1212/nxi.0000000000001047,34301819.0,neurosci,False,,
10.1523/jneurosci.1205-21.2021,34301833.0,neurosci,False,,
10.1007/s12975-021-00930-4,34292517.0,neurosci,False,,
10.1007/s13311-021-01090-x,34296393.0,neurosci,True,1.0,99.0
10.1212/nxi.0000000000001036,34301818.0,neurosci,False,,
10.1016/j.neuroimage.2021.118426,34303796.0,neurosci,False,,
10.1111/ene.15029,34293217.0,neurosci,False,,
10.3389/fncel.2021.672022,34366788.0,neurosci,True,1.0,99.0
10.1016/j.neuroimage.2021.118329,34302968.0,neurosci,False,,
10.1111/ene.15033,34293828.0,neurosci,False,,
10.1038/s41386-021-01106-2,34294875.0,neurosci,False,,
10.1111/ene.15034,34293224.0,neurosci,False,,
10.1038/s41562-021-01167-9,34294902.0,neurosci,False,,
10.1016/j.neuroimage.2021.118410,34303797.0,neurosci,False,,
10.1016/j.neunet.2021.07.018,34343780.0,neurosci,False,,
10.3389/fnagi.2021.685863,34366826.0,neurosci,False,,
10.3389/fnagi.2021.678525,34366824.0,neurosci,False,,
10.1038/s41386-021-01111-5,34294874.0,neurosci,False,,
10.1111/ene.15030,34293826.0,neurosci,False,,
10.1038/s41531-021-00209-3,34294724.0,neurosci,False,,
10.1111/ene.15032,34293824.0,neurosci,False,,
10.3389/fncel.2021.703407,34366789.0,neurosci,False,,
10.1111/ene.15031,34296504.0,neurosci,False,,
10.3389/fnagi.2021.679412,34366825.0,neurosci,False,,
10.1016/j.neuron.2021.06.021,34297915.0,neurosci,False,,
10.1016/j.neuron.2021.06.020,34297916.0,neurosci,False,,
10.1016/j.neunet.2021.07.022,34343776.0,neurosci,False,,
10.1111/ene.15009,34292643.0,neurosci,False,,
10.1038/s41593-021-00887-5,34294919.0,neurosci,True,1.0,99.0
10.1016/j.dcn.2021.100994,34332330.0,neurosci,False,,
10.1016/j.neuron.2021.06.023,34297914.0,neurosci,False,,
10.3389/fnagi.2021.699024,34366828.0,neurosci,False,,
10.1038/s41562-021-01143-3,34294901.0,neurosci,False,,
10.1038/s41593-021-00890-w,34294918.0,neurosci,False,,
10.3389/fnmol.2021.661993,34447296.0,neurosci,True,1.0,99.0
10.1186/s10194-021-01290-y,34294048.0,neurosci,False,,
10.1186/s10194-021-01291-x,34294026.0,neurosci,False,,
10.1093/brain/awab280,34293093.0,neurosci,False,,
10.1111/ene.15010,34233060.0,neurosci,False,,
10.1002/ana.26153,34227697.0,neurosci,False,,
10.1093/cercor/bhab189,34291294.0,neurosci,False,,
10.1016/j.biopsych.2021.06.004,34303518.0,neurosci,False,,
10.1111/ene.14825,34291531.0,neurosci,False,,
10.1523/jneurosci.twij.41.29.2021,,neurosci,False,,
10.1523/jneurosci.3129-20.2021,34290082.0,neurosci,True,1.0,99.0
10.1523/jneurosci.0531-21.2021,,neurosci,False,,
10.1523/jneurosci.0476-21.2021,34290084.0,neurosci,True,1.0,99.0
10.1523/jneurosci.0388-21.2021,34290083.0,neurosci,True,1.0,99.0
10.1523/jneurosci.0353-21.2021,34290080.0,neurosci,False,,
10.1523/jneurosci.0347-21.2021,34290081.0,neurosci,True,1.0,99.0
10.1016/j.pneurobio.2021.102123,34302896.0,neurosci,True,1.0,99.0
10.1016/j.neuron.2021.06.028,34293295.0,neurosci,False,,
10.1016/j.neuroimage.2021.118420,34302966.0,neurosci,False,,
10.1016/j.neuroimage.2021.118419,34302967.0,neurosci,False,,
10.1016/j.neuroimage.2021.118417,34298083.0,neurosci,False,,
10.1016/j.neuroimage.2021.118416,34298084.0,neurosci,False,,
10.1016/j.neunet.2021.07.020,34343774.0,neurosci,False,,
10.1016/j.neunet.2021.07.015,34352492.0,neurosci,False,,
10.1016/j.neubiorev.2021.07.022,34302863.0,neurosci,False,,
10.1016/j.nbd.2021.105452,34298087.0,neurosci,True,1.0,99.0
10.1016/j.nbd.2021.105451,34298088.0,neurosci,False,,
10.1016/j.jpain.2021.07.001,34298161.0,neurosci,False,,
10.1016/j.jpain.2021.06.013,34302956.0,neurosci,False,,
10.1016/j.dcn.2021.100993,34311329.0,neurosci,False,,
10.1016/j.dcn.2021.100992,34329806.0,neurosci,False,,
10.1016/j.brs.2021.07.005,34298198.0,neurosci,False,,
10.1016/j.biopsych.2021.07.013,34561027.0,neurosci,False,,
10.1016/j.biopsych.2021.07.012,34602240.0,neurosci,False,,
10.1016/j.bbi.2021.07.013,34298097.0,neurosci,False,,
10.1016/j.bbi.2021.07.012,34298096.0,neurosci,False,,
10.1016/j.bbi.2021.07.010,34302965.0,neurosci,False,,
10.1016/j.bbi.2021.07.008,34298095.0,neurosci,False,,
10.1007/s13311-021-01093-8,34291431.0,neurosci,True,1.0,99.0
10.1007/s12559-021-09905-x,,neurosci,False,,
10.1007/s12559-021-09892-z,,neurosci,False,,
10.3389/fncel.2021.714070,34366792.0,neurosci,True,1.0,99.0
10.1038/s41380-021-01215-w,34290368.0,neurosci,False,,
10.3389/fnagi.2021.712545,34366831.0,neurosci,False,,
10.1038/s41380-021-01227-6,34290367.0,neurosci,True,1.0,99.0
10.3389/fnagi.2021.710075,34366829.0,neurosci,False,,
10.1002/glia.24063,34288126.0,neurosci,True,1.0,99.0
10.1038/s41380-021-01220-z,34290371.0,neurosci,False,,
10.1038/s41380-021-01231-w,34290369.0,neurosci,False,,
10.1038/s41531-021-00202-w,34290246.0,neurosci,False,,
10.3389/fnagi.2021.676899,34366823.0,neurosci,False,,
10.3389/fnagi.2021.688587,34366827.0,neurosci,True,1.0,99.0
10.1038/s41562-021-01174-w,34290394.0,neurosci,False,,
10.1038/s41380-021-01224-9,34290370.0,neurosci,False,,
10.1111/ene.15028,34288285.0,neurosci,False,,
10.1002/glia.24061,34288120.0,neurosci,True,1.0,99.0
10.1016/j.neuron.2021.06.026,34293296.0,neurosci,False,,
10.1111/ene.15027,34288268.0,neurosci,False,,
10.1186/s10194-021-01265-z,34289806.0,neurosci,False,,
10.1186/s12987-021-00262-3,34289858.0,neurosci,False,,
10.1186/s13024-021-00467-y,34289882.0,neurosci,False,,
10.1186/s40478-021-01225-3,34289895.0,neurosci,False,,
10.1016/j.ynstr.2021.100369,34368410.0,neurosci,True,1.0,99.0
10.1088/1741-2552/ac123f,34233305.0,neurosci,False,,
10.1088/1741-2552/ac115c,34225263.0,neurosci,False,,
10.1093/cercor/bhab206,34289027.0,neurosci,False,,
10.1093/cercor/bhab200,34289019.0,neurosci,False,,
10.1093/cercor/bhab195,34289029.0,neurosci,False,,
10.1093/cercor/bhab167,34289039.0,neurosci,False,,
10.1093/cercor/bhab131,34289021.0,neurosci,False,,
10.1111/nan.12749,34288034.0,neurosci,True,1.0,99.0
10.1212/nxi.0000000000001045,34285095.0,neurosci,False,,
10.1212/nxi.0000000000001044,34285094.0,neurosci,False,,
10.1212/nxi.0000000000001042,34285093.0,neurosci,False,,
10.1212/nxi.0000000000001040,34285092.0,neurosci,False,,
10.1186/s12974-021-02207-x,34284798.0,neurosci,True,1.0,99.0
10.1093/brain/awab274,34289020.0,neurosci,False,,
10.1016/j.neuroimage.2021.118414,34298082.0,neurosci,False,,
10.1007/s12035-021-02489-5,34283400.0,neurosci,True,1.0,99.0
10.1007/s00401-021-02341-z,34283254.0,neurosci,True,1.0,99.0
10.1093/sleep/zsab163,34283244.0,neurosci,False,,
10.1093/sleep/zsab183,34283220.0,neurosci,False,,
10.1177/03331024211029236,34282633.0,neurosci,False,,
10.1038/s41386-021-01103-5,34285370.0,neurosci,False,,
10.1038/s41386-021-01088-1,34285367.0,neurosci,False,,
10.1016/j.neuroimage.2021.118415,34298081.0,neurosci,False,,
10.1038/s41380-021-01225-8,34285346.0,neurosci,False,,
10.1016/j.neuroimage.2021.118411,34293464.0,neurosci,False,,
10.1016/j.brs.2021.07.007,34293513.0,neurosci,False,,
10.1038/s41386-021-01099-y,34285369.0,neurosci,False,,
10.1038/s41531-021-00201-x,34285243.0,neurosci,True,1.0,99.0
10.1038/s41386-021-01083-6,34285368.0,neurosci,False,,
10.1016/j.neuroimage.2021.118413,34293463.0,neurosci,False,,
10.1016/j.neuroimage.2021.118412,34298085.0,neurosci,False,,
10.3389/fncel.2021.674030,34354570.0,neurosci,False,,
10.3389/fnagi.2021.683412,34354580.0,neurosci,False,,
10.1038/s41386-021-01089-0,34285373.0,neurosci,False,,
10.1038/s41380-021-01233-8,34285347.0,neurosci,False,,
10.1038/s41562-021-01175-9,34285391.0,neurosci,False,,
10.1038/s41386-021-01102-6,34285371.0,neurosci,False,,
10.1111/ene.15026,34288284.0,neurosci,False,,
10.1038/s41386-021-01096-1,34285372.0,neurosci,False,,
10.1016/j.neuroimage.2021.118409,34293465.0,neurosci,False,,
10.1038/s41380-021-01223-w,34285348.0,neurosci,False,,
10.1093/brain/awab259,34283886.0,neurosci,False,,
10.1093/brain/awab211,34282442.0,neurosci,False,,
10.1097/j.pain.0000000000002403,34252909.0,neurosci,False,,
10.1002/ana.26159,34240440.0,neurosci,False,,
10.1002/ana.26161,34231244.0,neurosci,False,,
10.1088/1741-2552/ac115d,34225257.0,neurosci,False,,
10.1002/ana.26154,34216397.0,neurosci,False,,
10.1111/ene.15005,34216082.0,neurosci,False,,
10.1097/j.pain.0000000000002400,34294665.0,neurosci,False,,
10.1097/j.pain.0000000000002414,34294664.0,neurosci,False,,
10.1097/j.pain.0000000000002413,34294663.0,neurosci,False,,
10.1093/brain/awab229,34291284.0,neurosci,False,,
10.1523/jneurosci.2329-20.2021,34281991.0,neurosci,False,,
10.1523/jneurosci.0921-21.2021,34281990.0,neurosci,False,,
10.1186/s12974-021-02212-0,34281564.0,neurosci,False,,
10.1016/j.brs.2021.07.008,34293512.0,neurosci,False,,
10.1016/j.neubiorev.2021.07.019,34293402.0,neurosci,False,,
10.1016/j.biopsych.2021.07.010,34482949.0,neurosci,False,,
10.1016/j.neuron.2021.06.015,34473953.0,neurosci,False,,
10.1186/s40478-021-01226-2,34281628.0,neurosci,False,,
10.1186/s40478-021-01228-0,34281622.0,neurosci,False,,
10.1007/s12035-021-02492-w,34279772.0,neurosci,False,,
10.1007/s12035-021-02487-7,34279771.0,neurosci,False,,
10.1177/0271678x211029049,34279146.0,neurosci,False,,
10.1093/brain/awab228,34279032.0,neurosci,False,,
10.1038/s41386-021-01069-4,34276051.0,neurosci,False,,
10.3389/fncel.2021.687306,34349623.0,neurosci,False,,
10.3389/fnagi.2021.706834,34349636.0,neurosci,False,,
10.1111/bpa.13006,34286899.0,neurosci,True,1.0,99.0
10.3389/fnmol.2021.701977,34349621.0,neurosci,False,,
10.1111/bpa.12961,34286902.0,neurosci,False,,
10.3389/fnmol.2021.714768,34349622.0,neurosci,False,,
10.1038/s41531-021-00204-8,34282148.0,neurosci,False,,
10.3389/fncel.2021.708181,34349625.0,neurosci,False,,
10.3389/fnagi.2021.690383,34349633.0,neurosci,False,,
10.1038/s41380-021-01234-7,34282265.0,neurosci,False,,
10.3389/fnagi.2021.691230,34349634.0,neurosci,False,,
10.1111/jnc.15478,34278578.0,neurosci,False,,
10.1038/s41593-021-00909-2,34282335.0,neurosci,False,,
10.3389/fnagi.2021.693787,34349635.0,neurosci,False,,
10.1007/s12035-021-02446-2,34278533.0,neurosci,True,1.0,99.0
10.3389/fnagi.2021.675739,34381350.0,neurosci,False,,
10.3389/fncel.2021.695479,34349624.0,neurosci,False,,
10.1186/s10194-021-01276-w,34281500.0,neurosci,False,,
10.1186/s10194-021-01294-8,34281498.0,neurosci,False,,
10.1038/s41380-021-01222-x,34282264.0,neurosci,False,,
10.1038/s41380-021-01221-y,34282263.0,neurosci,False,,
10.1186/s13024-021-00469-w,34281568.0,neurosci,False,,
10.1088/1741-2552/ac123e,34233315.0,neurosci,False,,
10.1002/ana.26163,34231919.0,neurosci,False,,
10.1002/ana.26157,34219268.0,neurosci,False,,
10.1088/1741-2552/ac0f4a,34181592.0,neurosci,False,,
10.1088/1741-2552/ac0f49,34181590.0,neurosci,False,,
10.1088/1741-2552/ac0f4b,34181581.0,neurosci,False,,
10.1093/cercor/bhab191,34274966.0,neurosci,False,,
10.1177/03331024211028965,34275353.0,neurosci,False,,
10.1177/03331024211028959,34275352.0,neurosci,False,,
10.1177/03331024211024153,34275351.0,neurosci,False,,
10.1177/03331024211029234,34275350.0,neurosci,False,,
10.1007/s12035-021-02494-8,34275087.0,neurosci,False,,
10.1007/s00401-021-02340-0,34274995.0,neurosci,True,1.0,99.0
10.1186/s12974-021-02209-9,34275493.0,neurosci,True,1.0,99.0
10.1186/s12974-021-02211-1,34275478.0,neurosci,True,1.0,99.0
10.1186/s12974-021-02167-2,34275474.0,neurosci,True,1.0,99.0
10.1007/s12035-021-02477-9,34275100.0,neurosci,False,,
10.1016/j.neunet.2021.07.014,34343781.0,neurosci,True,0.0,21.0
10.1016/j.pneurobio.2021.102122,34284000.0,neurosci,True,1.0,99.0
10.1111/ene.15001,34189813.0,neurosci,False,,
10.1111/ene.15000,34189814.0,neurosci,False,,
10.1093/brain/awab277,34273160.0,neurosci,False,,
10.1093/sleep/zsab181,34272952.0,neurosci,False,,
10.1007/s12035-021-02471-1,34273104.0,neurosci,True,1.0,99.0
10.1186/s10194-021-01267-x,34273947.0,neurosci,False,,
10.1186/s40478-021-01227-1,34274026.0,neurosci,False,,
10.1186/s10194-021-01289-5,34273945.0,neurosci,False,,
10.1186/s12974-021-02196-x,34273987.0,neurosci,False,,
10.1186/s13195-021-00874-9,34274005.0,neurosci,False,,
10.1093/brain/awab276,34273156.0,neurosci,False,,
10.1186/s10194-021-01264-0,34273952.0,neurosci,False,,
10.1007/s12559-021-09901-1,34306241.0,neurosci,False,,
10.1186/s12974-021-02195-y,34273979.0,neurosci,False,,
10.1093/cercor/bhab250,34274965.0,neurosci,False,,
10.1093/brain/awab267,34273149.0,neurosci,False,,
10.1111/jnc.15477,34273187.0,neurosci,True,0.0,23.0
10.1016/j.neubiorev.2021.07.020,34284063.0,neurosci,False,,
10.1016/j.bbi.2021.07.003,34284114.0,neurosci,False,,
10.1016/j.neuroimage.2021.118386,34280528.0,neurosci,False,,
10.1016/j.neunet.2021.07.017,34388438.0,neurosci,False,,
10.1016/j.neuroimage.2021.118407,34280527.0,neurosci,False,,
10.1016/j.jpain.2021.06.015,34280570.0,neurosci,False,,
10.1016/j.brs.2021.07.006,34284167.0,neurosci,False,,
10.1016/j.jpain.2021.06.016,34280571.0,neurosci,False,,
10.1016/j.jpain.2021.06.014,34280572.0,neurosci,False,,
10.1016/j.neuroimage.2021.118408,34284108.0,neurosci,False,,
10.1002/glia.24059,34272903.0,neurosci,True,0.0,22.0
10.1111/nan.12748,34273111.0,neurosci,True,1.0,99.0
10.1002/ana.26162,34231918.0,neurosci,False,,
10.1002/ana.26158,34219266.0,neurosci,False,,
10.1002/ana.26156,34216034.0,neurosci,False,,
10.1093/cercor/bhab219,34274974.0,neurosci,False,,
10.1093/cercor/bhab177,34274967.0,neurosci,False,,
10.1097/j.pain.0000000000002412,34285152.0,neurosci,False,,
10.1523/jneurosci.2678-20.2021,34272314.0,neurosci,True,1.0,99.0
10.1523/jneurosci.0901-21.2021,34272313.0,neurosci,False,,
10.1523/jneurosci.0900-21.2021,34272312.0,neurosci,False,,
10.1093/sleep/zsab176,34270768.0,neurosci,False,,
10.1093/brain/awab271,34270682.0,neurosci,False,,
10.1177/03331024211024161,34266288.0,neurosci,False,,
10.1016/j.neuroimage.2021.118405,34280529.0,neurosci,False,,
10.1093/sleep/zsab182,34272566.0,neurosci,False,,
10.1016/j.neuroimage.2021.118404,34280526.0,neurosci,False,,
10.1007/s00401-021-02345-9,34272583.0,neurosci,True,1.0,99.0
10.1007/s12035-021-02442-6,34269964.0,neurosci,True,1.0,99.0
10.1186/s40035-021-00248-z,34266501.0,neurosci,False,,
10.1093/sleep/zsab179,34270777.0,neurosci,False,,
10.1186/s13195-021-00867-8,34271969.0,neurosci,False,,
10.1007/s12559-021-09914-w,,neurosci,False,,
10.1007/s12035-021-02467-x,34272687.0,neurosci,True,1.0,99.0
10.1016/j.neubiorev.2021.07.016,34280427.0,neurosci,False,,
10.1016/j.bpsc.2021.06.015,34274517.0,neurosci,False,,
10.1016/j.neuroimage.2021.118402,34274419.0,neurosci,False,,
10.1111/bpa.13005,34269494.0,neurosci,True,1.0,99.0
10.1038/s41380-021-01205-y,34272489.0,neurosci,False,,
10.1038/s41380-021-01208-9,34272488.0,neurosci,False,,
10.1016/j.neubiorev.2021.07.015,34280428.0,neurosci,False,,
10.1038/s41531-021-00206-6,34272400.0,neurosci,False,,
10.1016/j.nbd.2021.105448,34280523.0,neurosci,False,,
10.1016/j.ynstr.2021.100368,34355050.0,neurosci,False,,
10.1016/j.bbi.2021.07.009,34280516.0,neurosci,False,,
10.3389/fncel.2021.714204,34335195.0,neurosci,False,,
10.3389/fncel.2021.704344,34335194.0,neurosci,False,,
10.3389/fnmol.2021.689495,34335181.0,neurosci,False,,
10.1016/j.neuroimage.2021.118403,34280525.0,neurosci,False,,
10.1016/j.brs.2021.07.004,34280583.0,neurosci,False,,
10.3389/fnagi.2021.664581,34335225.0,neurosci,False,,
10.1016/j.nbd.2021.105446,34280524.0,neurosci,False,,
10.1002/glia.24060,34270117.0,neurosci,True,1.0,99.0
10.1016/j.nbd.2021.105449,34274460.0,neurosci,False,,
10.1038/s41380-021-01206-x,34272490.0,neurosci,False,,
10.3389/fnagi.2021.692865,34335231.0,neurosci,False,,
10.1038/s41531-021-00205-7,34272398.0,neurosci,False,,
10.1038/s41380-021-01226-7,34272487.0,neurosci,False,,
10.1038/s41386-021-01094-3,34272471.0,neurosci,False,,
10.1016/j.nbd.2021.105447,34274461.0,neurosci,False,,
10.1093/brain/awab270,,neurosci,False,,
10.1002/ana.26160,34231246.0,neurosci,False,,
10.1111/ene.15007,34224184.0,neurosci,False,,
10.3233/jpd-212545,34219671.0,neurosci,False,,
10.1002/ana.26149,34180075.0,neurosci,False,,
10.1111/ene.14997,34176187.0,neurosci,False,,
10.3233/jpd-212537,34151856.0,neurosci,False,,
10.1111/jnc.15457,34143505.0,neurosci,True,1.0,99.0
10.1093/cercor/bhab217,34265849.0,neurosci,False,,
10.1093/cercor/bhab194,34265850.0,neurosci,False,,
10.3233/jpd-202431,34092652.0,neurosci,False,,
10.1093/cercor/bhab164,34268560.0,neurosci,False,,
10.1002/ana.26128,34021620.0,neurosci,False,,
10.3233/jpd-202414,33896848.0,neurosci,False,,
10.3233/jpd-202453,33814462.0,neurosci,False,,
10.3233/jpd-202412,33682729.0,neurosci,False,,
10.3233/jpd-202408,33682728.0,neurosci,False,,
10.3233/jpd-202402,33682727.0,neurosci,False,,
10.3233/jpd-202398,33612494.0,neurosci,False,,
10.3233/jpd-202428,33579873.0,neurosci,False,,
10.3233/jpd-202411,33579872.0,neurosci,False,,
10.3233/jpd-202471,33523020.0,neurosci,False,,
10.3233/jpd-202381,33492246.0,neurosci,False,,
10.3233/jpd-202416,33459666.0,neurosci,False,,
10.1093/sleep/zsab161,34373924.0,neurosci,False,,
10.3233/jpd-212657,34275908.0,neurosci,False,,
10.3233/jpd-212655,34275907.0,neurosci,False,,
10.3233/jpd-202487,34275906.0,neurosci,False,,
10.1523/jneurosci.0236-21.2021,34266900.0,neurosci,True,1.0,99.0
10.1523/jneurosci.1964-20.2021,34266899.0,neurosci,False,,
10.1523/jneurosci.3103-20.2021,34266898.0,neurosci,False,,
10.1523/jneurosci.0096-21.2021,34266897.0,neurosci,False,,
10.3389/fnagi.2021.705287,34335234.0,neurosci,False,,
10.1186/s13195-021-00871-y,34266503.0,neurosci,False,,
10.1186/s13024-021-00457-0,34266459.0,neurosci,False,,
10.1007/s12559-021-09915-9,34306240.0,neurosci,False,,
10.1016/j.neunet.2021.07.012,34314998.0,neurosci,False,,
10.1523/jneurosci.2905-20.2021,34266896.0,neurosci,False,,
10.1007/s00401-021-02346-8,34264394.0,neurosci,False,,
10.1177/13524585211031128,34264143.0,neurosci,False,,
10.1007/s12035-021-02491-x,34263427.0,neurosci,True,1.0,99.0
10.3389/fncel.2021.698172,34335190.0,neurosci,False,,
10.1111/bdi.13116,34263997.0,neurosci,False,,
10.3389/fncel.2021.699315,34335191.0,neurosci,True,1.0,99.0
10.3389/fnagi.2021.713819,34335235.0,neurosci,True,1.0,99.0
10.1016/j.neuron.2021.06.016,34270921.0,neurosci,False,,
10.3389/fncel.2021.703951,34335193.0,neurosci,False,,
10.1016/j.neunet.2021.07.013,34332343.0,neurosci,False,,
10.1038/s41380-021-01193-z,34267329.0,neurosci,False,,
10.1016/j.dcn.2021.100991,34298412.0,neurosci,False,,
10.3389/fncel.2021.689611,34335187.0,neurosci,True,1.0,99.0
10.3389/fncel.2021.696889,34335189.0,neurosci,False,,
10.1007/s12035-021-02474-y,34263426.0,neurosci,True,1.0,99.0
10.1038/s41380-021-01199-7,34262135.0,neurosci,True,1.0,99.0
10.3389/fnmol.2021.715054,34335182.0,neurosci,False,,
10.1016/j.neubiorev.2021.07.018,34274404.0,neurosci,False,,
10.3389/fnagi.2021.698601,34335233.0,neurosci,False,,
10.1016/j.neuroimage.2021.118401,34273527.0,neurosci,False,,
10.1016/j.neubiorev.2021.07.009,34274405.0,neurosci,False,,
10.3389/fnmol.2021.718951,34335183.0,neurosci,False,,
10.3389/fnagi.2021.681743,34335228.0,neurosci,False,,
10.3389/fncel.2021.695380,34335188.0,neurosci,False,,
10.1038/s41593-021-00889-3,34267392.0,neurosci,False,,
10.1111/jnc.15473,34265080.0,neurosci,False,,
10.1038/s41531-021-00207-5,34267217.0,neurosci,False,,
10.1016/j.pneurobio.2021.102121,34273456.0,neurosci,False,,
10.3389/fncel.2021.666706,34335184.0,neurosci,False,,
10.1093/brain/awab268,34264340.0,neurosci,False,,
10.1093/brain/awab264,34264308.0,neurosci,False,,
10.1088/1741-2552/ac0f4c,34181585.0,neurosci,False,,
10.1088/1741-2552/ac0f4d,34181582.0,neurosci,False,,
10.1088/1741-2552/ac0a56,34111852.0,neurosci,False,,
10.1097/j.pain.0000000000002406,34261977.0,neurosci,False,,
10.1212/nxi.0000000000001035,34261812.0,neurosci,False,,
10.1523/jneurosci.2849-20.2021,34261700.0,neurosci,False,,
10.1523/jneurosci.2197-20.2021,34261699.0,neurosci,True,1.0,99.0
10.1177/13524585211029860,34259591.0,neurosci,False,,
10.1177/13524585211028561,34259588.0,neurosci,False,,
10.1177/13524585211028831,34259579.0,neurosci,False,,
10.1177/13524585211030212,34259578.0,neurosci,False,,
10.1177/0271678x211031321,34259072.0,neurosci,False,,
10.1177/0271678x211031035,34259071.0,neurosci,False,,
10.1177/0271678x211032029,34259070.0,neurosci,False,,
10.1177/0271678x211028680,34259069.0,neurosci,False,,
10.1177/13524585211030147,34256624.0,neurosci,False,,
10.1523/jneurosci.0227-21.2021,34261701.0,neurosci,False,,
10.1016/j.neubiorev.2021.07.017,34273378.0,neurosci,False,,
10.1523/jneurosci.twij.41.28.2021,,neurosci,False,,
10.1523/jneurosci.2980-20.2021,34261698.0,neurosci,False,,
10.1007/s13311-021-01088-5,34260042.0,neurosci,True,1.0,99.0
10.1007/s12035-021-02453-3,34263425.0,neurosci,False,,
10.1186/s10194-021-01281-z,34261435.0,neurosci,False,,
10.1093/brain/awab235,34259834.0,neurosci,False,,
10.1093/brain/awab244,34259865.0,neurosci,False,,
10.1016/j.bpsc.2021.07.002,34273554.0,neurosci,False,,
10.3389/fncel.2021.680126,34335186.0,neurosci,False,,
10.3389/fnagi.2021.649874,34335224.0,neurosci,False,,
10.1016/j.ynstr.2021.100365,34355048.0,neurosci,False,,
10.3389/fncel.2021.677543,34335185.0,neurosci,False,,
10.1016/j.bpsc.2021.06.013,34273555.0,neurosci,False,,
10.1016/j.neuron.2021.06.019,34265253.0,neurosci,False,,
10.3389/fnagi.2021.682308,34335229.0,neurosci,False,,
10.1016/j.bpsc.2021.07.001,34273556.0,neurosci,False,,
10.1111/jnc.15382,34260762.0,neurosci,False,,
10.1111/bpa.12998,34260113.0,neurosci,False,,
10.1016/j.neuroimage.2021.118399,34273528.0,neurosci,False,,
10.1016/j.neuroimage.2021.118391,34271158.0,neurosci,False,,
10.1016/j.dcn.2021.100988,34280739.0,neurosci,False,,
10.3389/fnmol.2021.657064,34335180.0,neurosci,False,,
10.3389/fnagi.2021.697029,34335232.0,neurosci,False,,
10.1016/j.neubiorev.2021.07.014,34273379.0,neurosci,False,,
10.3389/fnagi.2021.677090,34335227.0,neurosci,False,,
10.1002/ana.26151,34260105.0,neurosci,False,,
10.3389/fnagi.2021.684743,34335230.0,neurosci,False,,
10.1016/j.neunet.2021.07.008,34314999.0,neurosci,False,,
10.1016/j.biopsych.2021.06.025,34481662.0,neurosci,False,,
10.1016/j.neuron.2021.06.018,34265252.0,neurosci,False,,
10.1111/jnc.15437,34260757.0,neurosci,False,,
10.3389/fnagi.2021.672077,34335226.0,neurosci,False,,
10.1016/j.neuroimage.2021.118388,34271159.0,neurosci,False,,
10.3389/fncel.2021.701783,34335192.0,neurosci,False,,
10.1016/j.nbd.2021.105445,34271084.0,neurosci,False,,
10.1186/s10194-021-01282-y,34261444.0,neurosci,False,,
10.1186/s12987-021-00267-y,34261487.0,neurosci,False,,
10.1016/j.biopsych.2021.07.007,34482950.0,neurosci,False,,
10.1093/brain/awab262,34259858.0,neurosci,False,,
10.1093/brain/awab223,34259835.0,neurosci,False,,
10.1111/ene.15002,34192398.0,neurosci,False,,
10.1093/cercor/bhab225,34259867.0,neurosci,False,,
10.1002/ana.26150,34184781.0,neurosci,False,,
10.1002/ana.26146,34180076.0,neurosci,False,,
10.1111/jnc.15456,34142382.0,neurosci,False,,
10.1093/cercor/bhab172,34259839.0,neurosci,True,1.0,99.0
10.1097/j.pain.0000000000002410,,neurosci,False,,
10.1097/j.pain.0000000000002409,34433774.0,neurosci,False,,
10.1097/j.pain.0000000000002408,34393199.0,neurosci,False,,
10.1097/j.pain.0000000000002405,,neurosci,False,,
10.1177/03331024211027359,34256652.0,neurosci,False,,
10.1177/03331024211027568,34256651.0,neurosci,False,,
10.1177/03331024211017884,34256650.0,neurosci,False,,
10.1177/03331024211027358,34256649.0,neurosci,False,,
10.1177/03331024211024165,34256648.0,neurosci,False,,
10.1016/j.neubiorev.2021.07.001,34271306.0,neurosci,False,,
10.1186/s13195-021-00869-6,34256835.0,neurosci,False,,
10.1186/s10194-021-01286-8,34256692.0,neurosci,False,,
10.1111/bpa.12995,34258825.0,neurosci,False,,
10.1016/j.biopsych.2021.07.008,34511181.0,neurosci,False,,
10.1007/s13311-021-01070-1,34258749.0,neurosci,True,1.0,99.0
10.1007/s12559-021-09911-z,,neurosci,False,,
10.1007/s12559-021-09855-4,,neurosci,False,,
10.1007/s12035-021-02460-4,34255249.0,neurosci,True,1.0,99.0
10.1093/sleep/zsab178,34255079.0,neurosci,False,,
10.1093/sleep/zsab177,34255075.0,neurosci,False,,
10.1016/j.neubiorev.2021.07.012,34265321.0,neurosci,False,,
10.1038/s41386-021-01082-7,34257414.0,neurosci,False,,
10.1016/j.neuroimage.2021.118384,34265419.0,neurosci,False,,
10.1111/ene.15025,34255908.0,neurosci,False,,
10.1038/s41380-021-01200-3,34257409.0,neurosci,False,,
10.1016/j.ynstr.2021.100367,34337114.0,neurosci,False,,
10.1016/j.neuroimage.2021.118390,34271157.0,neurosci,False,,
10.1038/s41562-021-01165-x,34257411.0,neurosci,False,,
10.1016/j.neuroimage.2021.118389,34265420.0,neurosci,False,,
10.1111/ene.15023,34255918.0,neurosci,False,,
10.1016/j.bpsc.2021.06.012,34271214.0,neurosci,False,,
10.1016/j.neunet.2021.07.007,34280691.0,neurosci,False,,
10.3389/fnagi.2021.684171,34326766.0,neurosci,True,1.0,99.0
10.1016/j.bpsc.2021.06.014,34271215.0,neurosci,False,,
10.1038/s41386-021-01084-5,34257413.0,neurosci,False,,
10.1016/j.nbd.2021.105444,34265424.0,neurosci,False,,
10.1016/j.neubiorev.2021.07.013,34271027.0,neurosci,False,,
10.3389/fncel.2021.651509,34326721.0,neurosci,False,,
10.3389/fnagi.2021.654931,34326765.0,neurosci,False,,
10.1038/s41386-021-01054-x,34257415.0,neurosci,False,,
10.1111/ene.15024,34255403.0,neurosci,False,,
10.1016/j.neubiorev.2021.07.011,34265322.0,neurosci,False,,
10.3389/fnagi.2021.692942,34326767.0,neurosci,False,,
10.1111/bpa.13002,34255887.0,neurosci,False,,
10.1093/cercor/bhab193,34255833.0,neurosci,False,,
10.1002/ana.26147,34185323.0,neurosci,False,,
10.1093/cercor/bhab220,34255827.0,neurosci,False,,
10.1093/cercor/bhab215,34255824.0,neurosci,False,,
10.1093/cercor/bhab202,34255821.0,neurosci,False,,
10.1093/cercor/bhab197,34255828.0,neurosci,False,,
10.1093/cercor/bhab192,34255825.0,neurosci,False,,
10.1111/ene.14956,34081818.0,neurosci,False,,
10.1093/cercor/bhab182,34255837.0,neurosci,False,,
10.1097/j.pain.0000000000002331,34261978.0,neurosci,False,,
10.1523/jneurosci.3008-20.2021,34253627.0,neurosci,False,,
10.1523/jneurosci.2830-20.2021,34253625.0,neurosci,False,,
10.1523/jneurosci.2242-20.2021,34253624.0,neurosci,False,,
10.1523/jneurosci.2137-20.2021,34253629.0,neurosci,False,,
10.1523/jneurosci.0730-21.2021,34253630.0,neurosci,False,,
10.1523/jneurosci.0490-21.2021,34253628.0,neurosci,False,,
10.1523/jneurosci.0070-21.2021,34253626.0,neurosci,False,,
10.1186/s13195-021-00870-z,34253231.0,neurosci,False,,
10.1186/s13195-021-00865-w,34253227.0,neurosci,False,,
10.1186/s10194-021-01278-8,34253164.0,neurosci,False,,
10.1093/sleep/zsab175,34252182.0,neurosci,False,,
10.1093/sleep/zsab174,34252190.0,neurosci,False,,
10.1093/sleep/zsab160,34252193.0,neurosci,False,,
10.1007/s12559-021-09888-9,,neurosci,False,,
10.1038/s41380-021-01178-y,34253866.0,neurosci,False,,
10.1038/s41593-021-00888-4,34253921.0,neurosci,True,1.0,99.0
10.1038/s41593-021-00897-3,34253923.0,neurosci,False,,
10.3389/fnagi.2021.664224,34322007.0,neurosci,False,,
10.3389/fnagi.2021.680341,34322009.0,neurosci,False,,
10.3389/fnagi.2021.691512,34322012.0,neurosci,False,,
10.1016/j.neunet.2021.06.030,34358797.0,neurosci,False,,
10.3389/fnagi.2021.661514,34322006.0,neurosci,False,,
10.1038/s41593-021-00880-y,34253922.0,neurosci,False,,
10.3389/fnagi.2021.695732,34322013.0,neurosci,False,,
10.1111/ene.15020,34252248.0,neurosci,False,,
10.1111/ene.15019,34251726.0,neurosci,False,,
10.1038/s41386-021-01075-6,34253856.0,neurosci,True,1.0,99.0
10.1038/s41380-021-01209-8,34253864.0,neurosci,False,,
10.3389/fnagi.2021.703158,34322014.0,neurosci,False,,
10.1016/j.neunet.2021.07.005,34280693.0,neurosci,False,,
10.3389/fnagi.2021.687530,34322011.0,neurosci,False,,
10.1016/j.dcn.2021.100987,34273749.0,neurosci,False,,
10.3389/fnagi.2021.676618,34322008.0,neurosci,False,,
10.3389/fnagi.2021.703876,34322015.0,neurosci,False,,
10.1038/s41380-021-01216-9,34253863.0,neurosci,True,1.0,99.0
10.1111/jnc.15452,34252196.0,neurosci,False,,
10.1016/j.neunet.2021.07.009,34298266.0,neurosci,False,,
10.1038/s41380-021-01217-8,34253865.0,neurosci,False,,
10.1016/j.neunet.2021.07.010,34315008.0,neurosci,False,,
10.1038/s41386-021-01090-7,34253855.0,neurosci,False,,
10.1111/ene.15022,34252263.0,neurosci,False,,
10.1016/j.ynstr.2021.100366,34355049.0,neurosci,False,,
10.3389/fnagi.2021.651284,34366822.0,neurosci,False,,
10.3389/fnmol.2021.686034,34321999.0,neurosci,False,,
10.1111/ene.15021,34251719.0,neurosci,False,,
10.3389/fnagi.2021.681043,34322010.0,neurosci,False,,
10.1016/j.neubiorev.2021.07.010,34265320.0,neurosci,False,,
10.3389/fncel.2021.682460,34322000.0,neurosci,False,,
10.1007/s12559-021-09909-7,,neurosci,False,,
10.1007/s12035-021-02451-5,34250577.0,neurosci,True,1.0,99.0
10.1002/ana.26148,34180078.0,neurosci,False,,
10.1111/jpi.12752,34118084.0,neurosci,False,,
10.1111/ene.14955,34096670.0,neurosci,False,,
10.1111/ene.14952,34060708.0,neurosci,False,,
10.1177/0271678x211029178,34250821.0,neurosci,False,,
10.1177/0271678x211028496,34250820.0,neurosci,False,,
10.1016/j.biopsych.2021.06.024,34482948.0,neurosci,False,,
10.1016/j.neuroimage.2021.118387,34260891.0,neurosci,False,,
10.1007/s12035-021-02464-0,34247339.0,neurosci,False,,
10.1111/ene.14979,34145687.0,neurosci,False,,
10.1111/ene.14947,34075662.0,neurosci,False,,
10.3233/jpd-219007,34275911.0,neurosci,False,,
10.3233/jpd-212747,34275910.0,neurosci,False,,
10.3233/jpd-212676,34275909.0,neurosci,True,0.0,23.0
10.1186/s13229-021-00452-8,34246292.0,neurosci,True,0.0,21.0
10.1186/s10194-021-01279-7,34246226.0,neurosci,False,,
10.1016/j.neubiorev.2021.07.008,34256070.0,neurosci,False,,
10.1016/j.neubiorev.2021.07.002,34256069.0,neurosci,False,,
10.1016/j.brs.2021.06.010,34257037.0,neurosci,False,,
10.1007/s12559-021-09908-8,34276830.0,neurosci,False,,
10.1007/s12035-021-02482-y,34245442.0,neurosci,False,,
10.1007/s12035-021-02417-7,34245441.0,neurosci,True,1.0,99.0
10.1007/s12035-021-02483-x,34245440.0,neurosci,True,1.0,99.0
10.1093/sleep/zsab173,34245290.0,neurosci,False,,
10.1016/j.jpain.2021.06.012,34256088.0,neurosci,False,,
10.1111/jnc.15466,34245565.0,neurosci,False,,
10.1111/jnc.15465,34244999.0,neurosci,False,,
10.1016/j.neuroimage.2021.118379,34252527.0,neurosci,False,,
10.1016/j.neuroimage.2021.118377,34256139.0,neurosci,False,,
10.1016/j.neuroimage.2021.118383,34252525.0,neurosci,False,,
10.1016/j.ynstr.2021.100364,34345636.0,neurosci,False,,
10.1016/j.neuroimage.2021.118385,34256138.0,neurosci,True,0.0,21.0
10.1111/ene.15017,34245630.0,neurosci,False,,
10.1111/ene.15018,34245646.0,neurosci,False,,
10.1093/brain/awab257,34245244.0,neurosci,False,,
10.1093/brain/awab256,34245240.0,neurosci,False,,
10.1111/ene.14935,34124810.0,neurosci,False,,
10.1111/jnc.15450,34107054.0,neurosci,True,1.0,99.0
10.1097/j.pain.0000000000002407,34252906.0,neurosci,False,,
10.1097/j.pain.0000000000002404,34252908.0,neurosci,False,,
10.1097/j.pain.0000000000002320,34252907.0,neurosci,False,,
10.3233/jpd-212658,34250953.0,neurosci,False,,
10.3233/jpd-212641,34250952.0,neurosci,False,,
10.1093/sleep/zsab172,34244806.0,neurosci,False,,
10.1523/jneurosci.3135-20.2021,34244365.0,neurosci,False,,
10.1523/jneurosci.2796-20.2021,34244363.0,neurosci,False,,
10.1523/jneurosci.2902-20.2021,34244362.0,neurosci,False,,
10.1177/13524585211024997,34240656.0,neurosci,False,,
10.1177/13524585211028833,34240631.0,neurosci,False,,
10.1186/s13195-021-00862-z,34243793.0,neurosci,False,,
10.1007/s12975-021-00929-x,34241810.0,neurosci,True,1.0,99.0
10.1007/s13311-021-01080-z,34244926.0,neurosci,False,,
10.1007/s13311-021-01077-8,34244927.0,neurosci,True,1.0,99.0
10.1007/s13311-021-01084-9,34244925.0,neurosci,False,,
10.1523/jneurosci.1193-21.2021,34244364.0,neurosci,False,,
10.1007/s13311-021-01078-7,34244929.0,neurosci,False,,
10.1007/s13311-021-01087-6,34244928.0,neurosci,False,,
10.1007/s13311-021-01083-w,34244924.0,neurosci,False,,
10.1007/s12035-021-02478-8,34241806.0,neurosci,True,1.0,99.0
10.1038/s41380-021-01213-y,34244619.0,neurosci,False,,
10.1016/j.neubiorev.2021.06.045,34252471.0,neurosci,False,,
10.1016/j.bbi.2021.07.001,34246733.0,neurosci,True,1.0,99.0
10.1038/s41380-021-01214-x,34244620.0,neurosci,False,,
10.3389/fnagi.2021.691518,34305571.0,neurosci,False,,
10.3389/fnagi.2021.697528,34305574.0,neurosci,False,,
10.1002/glia.24057,,neurosci,False,,
10.1016/j.neuroimage.2021.118380,34252526.0,neurosci,False,,
10.1016/j.neubiorev.2021.07.006,34252472.0,neurosci,False,,
10.1016/j.bbi.2021.07.007,34252568.0,neurosci,False,,
10.1016/j.nbd.2021.105443,34246771.0,neurosci,False,,
10.1016/j.neunet.2021.07.002,34340189.0,neurosci,True,0.0,21.0
10.1111/ene.15014,34242459.0,neurosci,False,,
10.3389/fnagi.2021.690632,34305570.0,neurosci,False,,
10.1016/j.neuron.2021.06.010,34245686.0,neurosci,False,,
10.1016/j.neunet.2021.06.029,34293508.0,neurosci,False,,
10.1111/jnc.15464,34241907.0,neurosci,False,,
10.1016/j.pneurobio.2021.102120,34252470.0,neurosci,False,,
10.1016/j.bbi.2021.07.004,34252569.0,neurosci,False,,
10.3389/fnmol.2021.660104,34305524.0,neurosci,False,,
10.1038/s41380-021-01212-z,34244618.0,neurosci,False,,
10.1016/j.pneurobio.2021.102119,34246703.0,neurosci,False,,
10.1016/j.neunet.2021.07.004,34284298.0,neurosci,False,,
10.1016/j.neuroimage.2021.118381,34252528.0,neurosci,False,,
10.1016/j.neuroimage.2021.118382,34252524.0,neurosci,False,,
10.3389/fnagi.2021.688113,34305568.0,neurosci,False,,
10.1093/brain/awab250,34244729.0,neurosci,False,,
10.1093/brain/awab247,34244731.0,neurosci,False,,
10.1093/cercor/bhab198,34247249.0,neurosci,False,,
10.1093/brain/awab245,34244727.0,neurosci,True,1.0,99.0
10.1111/ene.14996,34184370.0,neurosci,False,,
10.1111/ene.14995,34166558.0,neurosci,False,,
10.1093/cercor/bhab224,34247243.0,neurosci,True,1.0,99.0
10.1111/ene.14992,34157194.0,neurosci,False,,
10.1111/ene.14954,34077587.0,neurosci,False,,
10.1097/j.pain.0000000000002402,34252913.0,neurosci,False,,
10.1097/j.pain.0000000000002401,34252910.0,neurosci,False,,
10.1097/j.pain.0000000000002397,34252912.0,neurosci,False,,
10.1097/j.pain.0000000000002396,34252911.0,neurosci,True,1.0,99.0
10.3233/jpd-212605,34250950.0,neurosci,False,,
10.1523/jneurosci.3167-20.2021,34244361.0,neurosci,False,,
10.1523/jneurosci.0553-21.2021,34244360.0,neurosci,False,,
10.1523/jneurosci.3049-20.2021,34244359.0,neurosci,False,,
10.1093/sleep/zsab170,34240221.0,neurosci,False,,
10.1093/sleep/zsab171,34240212.0,neurosci,False,,
10.1177/0271678x211029060,34238051.0,neurosci,True,1.0,99.0
10.1186/s13229-021-00453-7,34238355.0,neurosci,False,,
10.1186/s10194-021-01284-w,34238214.0,neurosci,False,,
10.1016/j.neuroimage.2021.118375,34245868.0,neurosci,False,,
10.1186/s13195-021-00868-7,34238345.0,neurosci,False,,
10.1016/j.bbi.2021.07.002,34245812.0,neurosci,False,,
10.1016/j.neunet.2021.07.003,34280608.0,neurosci,False,,
10.1016/j.neubiorev.2021.07.005,34245758.0,neurosci,False,,
10.1186/s10194-021-01283-x,34238219.0,neurosci,False,,
10.1186/s13195-021-00860-1,34238366.0,neurosci,True,0.0,22.0
10.1016/j.neubiorev.2021.07.003,34245760.0,neurosci,False,,
10.1186/s13229-021-00442-w,34238350.0,neurosci,False,,
10.1017/s0140525x21000923,34233768.0,neurosci,False,,
10.3389/fnmol.2021.709390,34305529.0,neurosci,False,,
10.1038/s41562-021-01171-z,34239081.0,neurosci,False,,
10.3389/fnagi.2021.630437,34305566.0,neurosci,False,,
10.1038/s41593-021-00886-6,34239129.0,neurosci,False,,
10.1038/s41593-021-00879-5,34239128.0,neurosci,False,,
10.3389/fnagi.2021.702231,34305576.0,neurosci,False,,
10.1016/j.neuroimage.2021.118376,34246768.0,neurosci,False,,
10.3389/fnagi.2021.699836,34305575.0,neurosci,False,,
10.3389/fnmol.2021.699562,34305528.0,neurosci,False,,
10.1016/j.nbd.2021.105442,34246770.0,neurosci,False,,
10.3389/fnmol.2021.710171,34305530.0,neurosci,False,,
10.3389/fncel.2021.697449,34305534.0,neurosci,False,,
10.1038/s41562-021-01159-9,34239080.0,neurosci,False,,
10.1038/s41562-021-01149-x,34239077.0,neurosci,False,,
10.3389/fnmol.2021.694234,34305526.0,neurosci,False,,
10.1038/s41562-021-01161-1,34239076.0,neurosci,False,,
10.1016/j.neuron.2021.06.013,34242565.0,neurosci,False,,
10.1016/j.bbi.2021.07.005,34245811.0,neurosci,False,,
10.1038/s41380-021-01207-w,34234281.0,neurosci,True,1.0,99.0
10.1038/s41562-021-01150-4,34239078.0,neurosci,False,,
10.1016/j.neuron.2021.06.014,34242564.0,neurosci,False,,
10.1016/j.neunet.2021.07.001,34280607.0,neurosci,False,,
10.3389/fnagi.2021.689098,34305569.0,neurosci,False,,
10.1016/j.neuroimage.2021.118373,34246767.0,neurosci,False,,
10.1111/nan.12747,34237158.0,neurosci,True,1.0,99.0
10.1038/s41386-021-01093-4,34239049.0,neurosci,False,,
10.1038/s41386-021-01091-6,34239048.0,neurosci,False,,
10.3389/fnagi.2021.696778,34305573.0,neurosci,False,,
10.1016/j.brs.2021.07.001,34246820.0,neurosci,False,,
10.3389/fnagi.2021.702639,34305577.0,neurosci,False,,
10.1016/j.neuroimage.2021.118378,34246769.0,neurosci,False,,
10.1038/s41562-021-01137-1,34239079.0,neurosci,False,,
10.3389/fnagi.2021.695117,34305572.0,neurosci,False,,
10.1038/s41531-021-00199-2,34238927.0,neurosci,False,,
10.1016/j.neuroimage.2021.118370,34245866.0,neurosci,False,,
10.1038/s41380-021-01218-7,34234282.0,neurosci,False,,
10.1186/s12974-021-02204-0,34238328.0,neurosci,True,1.0,99.0
10.1186/s12974-021-02206-y,34238316.0,neurosci,False,,
10.1038/s41562-021-01172-y,34239082.0,neurosci,False,,
10.1111/ene.14993,34157199.0,neurosci,False,,
10.1111/ene.14986,34145948.0,neurosci,False,,
10.1093/cercor/bhab222,34240142.0,neurosci,False,,
10.1111/ene.14985,34143500.0,neurosci,False,,
10.1093/cercor/bhab210,34240141.0,neurosci,True,0.0,21.0
10.1093/cercor/bhab190,34240115.0,neurosci,False,,
10.1093/brain/awab082,34237143.0,neurosci,False,,
10.3233/jpd-212707,34250955.0,neurosci,False,,
10.3233/jpd-212636,34250951.0,neurosci,False,,
10.3233/jpd-202525,34250949.0,neurosci,False,,
10.1177/0271678x211029197,34233533.0,neurosci,False,,
10.1007/s12035-021-02476-w,34232476.0,neurosci,False,,
10.1007/s13311-021-01076-9,34235636.0,neurosci,True,1.0,99.0
10.1007/s13311-021-01081-y,34235638.0,neurosci,False,,
10.1007/s13311-021-01074-x,34235639.0,neurosci,False,,
10.1016/j.biopsych.2021.05.009,34246464.0,neurosci,False,,
10.1007/s13311-021-01079-6,34235635.0,neurosci,False,,
10.1016/j.biopsych.2021.03.034,34246463.0,neurosci,False,,
10.1007/s13311-021-01067-w,34235637.0,neurosci,False,,
10.1002/ana.26164,34235776.0,neurosci,False,,
10.1016/j.neunet.2021.06.026,34280692.0,neurosci,False,,
10.1523/jneurosci.twij.41.27.2021,,neurosci,False,,
10.1007/s12035-021-02468-w,34232477.0,neurosci,True,1.0,99.0
10.1016/j.neubiorev.2021.07.007,34245759.0,neurosci,False,,
10.3389/fnagi.2021.679585,34305567.0,neurosci,False,,
10.1002/glia.24058,34231259.0,neurosci,True,1.0,99.0
10.1016/j.neuroimage.2021.118372,34245867.0,neurosci,False,,
10.1111/ene.15013,34233384.0,neurosci,False,,
10.3389/fncel.2021.640084,34305531.0,neurosci,False,,
10.1038/s41531-021-00200-y,34234128.0,neurosci,False,,
10.1016/j.brs.2021.07.003,34245918.0,neurosci,False,,
10.1016/j.neuroimage.2021.118374,34245869.0,neurosci,False,,
10.3389/fncel.2021.691136,34305533.0,neurosci,False,,
10.3389/fnmol.2021.697440,34305527.0,neurosci,True,1.0,99.0
10.1016/j.neubiorev.2021.07.004,34245757.0,neurosci,False,,
10.1002/glia.24056,34231253.0,neurosci,False,,
10.3389/fnmol.2021.660429,34305525.0,neurosci,True,0.0,21.0
10.1038/s41386-021-01085-4,34234289.0,neurosci,False,,
10.1016/j.bbi.2021.07.006,34242738.0,neurosci,False,,
10.1016/j.bbi.2021.06.016,34242739.0,neurosci,False,,
10.1111/ene.15011,34233056.0,neurosci,False,,
10.3389/fncel.2021.660354,34305532.0,neurosci,True,1.0,99.0
10.1038/s41380-021-01202-1,34234280.0,neurosci,False,,
10.1038/s41386-021-01086-3,34234287.0,neurosci,False,,
10.1038/s41386-021-01079-2,34234288.0,neurosci,False,,
10.3389/fnagi.2021.726525,34305578.0,neurosci,False,,
10.1016/j.pneurobio.2021.102118,34245849.0,neurosci,False,,
10.1016/j.biopsych.2021.06.021,34456009.0,neurosci,False,,
10.1186/s12974-021-02201-3,34233703.0,neurosci,True,1.0,99.0
10.1186/s40478-021-01224-4,34233766.0,neurosci,False,,
10.1186/s12987-021-00265-0,34233705.0,neurosci,False,,
10.1093/brain/awab254,34240109.0,neurosci,False,,
10.1093/brain/awab255,34240124.0,neurosci,False,,
10.1088/1741-2552/ac0d42,34153949.0,neurosci,False,,
10.1093/cercor/bhab176,34231840.0,neurosci,False,,
10.1111/ene.14982,34133824.0,neurosci,False,,
10.1111/ene.14980,34133827.0,neurosci,False,,
10.1111/jnc.15455,34133773.0,neurosci,True,1.0,99.0
10.1111/ene.14977,34129716.0,neurosci,False,,
10.1093/cercor/bhab214,34231853.0,neurosci,False,,
10.1093/cercor/bhab213,34231837.0,neurosci,False,,
10.1093/cercor/bhab205,34231854.0,neurosci,False,,
10.1093/cercor/bhab209,34231843.0,neurosci,False,,
10.1111/ene.14919,34110063.0,neurosci,False,,
10.1111/jnc.15448,34107066.0,neurosci,True,1.0,99.0
10.1523/jneurosci.0285-21.2021,34230105.0,neurosci,False,,
10.1523/jneurosci.2628-20.2021,34230104.0,neurosci,False,,
10.1177/0271678x211028816,34229512.0,neurosci,False,,
10.1177/0271678x211021771,34229511.0,neurosci,False,,
10.1093/sleep/zsab165,34228798.0,neurosci,False,,
10.1523/jneurosci.3134-20.2021,34230106.0,neurosci,False,,
10.1007/s13311-021-01073-y,34231126.0,neurosci,False,,
10.1016/j.neuroimage.2021.118369,34242784.0,neurosci,False,,
10.1007/s12559-021-09898-7,,neurosci,False,,
10.1016/j.neuroimage.2021.118330,34237443.0,neurosci,True,0.0,21.0
10.1111/bpa.13000,34231271.0,neurosci,False,,
10.1016/j.neunet.2021.06.031,34304003.0,neurosci,False,,
10.1186/s12974-021-02199-8,34229722.0,neurosci,True,1.0,99.0
10.1186/s12974-021-02202-2,34229727.0,neurosci,False,,
10.1186/s10194-021-01274-y,34229614.0,neurosci,False,,
10.1007/s12035-021-02462-2,34228269.0,neurosci,False,,
10.1007/s12035-021-02473-z,34228268.0,neurosci,False,,
10.1093/sleep/zsab166,34228123.0,neurosci,False,,
10.1093/cercor/bhab152,34228108.0,neurosci,False,,
10.1111/bdi.13115,34228881.0,neurosci,False,,
10.3389/fnagi.2021.688179,34295240.0,neurosci,False,,
10.1016/j.jpain.2021.06.010,34237464.0,neurosci,False,,
10.1016/j.neuroimage.2021.118368,34242786.0,neurosci,False,,
10.3389/fnagi.2021.620015,34295236.0,neurosci,True,0.0,23.0
10.3389/fnmol.2021.691396,34295221.0,neurosci,False,,
10.1016/j.biopsych.2021.06.022,34454697.0,neurosci,False,,
10.1016/j.neubiorev.2021.06.035,34242718.0,neurosci,False,,
10.3389/fnmol.2021.680280,34295220.0,neurosci,True,1.0,99.0
10.3389/fncel.2021.698126,34295223.0,neurosci,False,,
10.1016/j.neuroimage.2021.118366,34242785.0,neurosci,False,,
10.1016/j.neuroimage.2021.118367,34237442.0,neurosci,False,,
10.1016/j.biopsych.2021.06.023,34482951.0,neurosci,False,,
10.1016/j.neuroimage.2021.118371,34242783.0,neurosci,True,0.0,21.0
10.3389/fnmol.2021.706494,34295222.0,neurosci,False,,
10.1111/bdi.13113,34227194.0,neurosci,False,,
10.3389/fnagi.2021.695200,34295241.0,neurosci,False,,
10.1007/s12559-021-09899-6,,neurosci,False,,
10.3389/fnagi.2021.649902,34295238.0,neurosci,False,,
10.3389/fnagi.2021.682115,34295239.0,neurosci,False,,
10.1016/j.neuron.2021.06.012,34233151.0,neurosci,True,1.0,99.0
10.1111/jnc.15435,34228825.0,neurosci,False,,
10.1038/s41386-021-01058-7,34230607.0,neurosci,False,,
10.1088/1741-2552/ac0a54,34111845.0,neurosci,False,,
10.1111/ene.14939,34031948.0,neurosci,False,,
10.1093/cercor/bhab153,34228058.0,neurosci,False,,
10.1097/j.pain.0000000000002399,34252905.0,neurosci,False,,
10.1523/jneurosci.2864-20.2021,34226275.0,neurosci,False,,
10.1007/s12035-021-02469-9,34227060.0,neurosci,True,1.0,99.0
10.1007/s12975-021-00928-y,34227049.0,neurosci,True,1.0,99.0
10.1007/s12035-021-02439-1,34227061.0,neurosci,True,1.0,99.0
10.1186/s13195-021-00864-x,34225797.0,neurosci,False,,
10.1186/s12974-021-02197-w,34225752.0,neurosci,False,,
10.1186/s12974-021-02205-z,34225746.0,neurosci,False,,
10.1186/s12974-021-02198-9,34225736.0,neurosci,True,1.0,99.0
10.1186/s40478-021-01218-2,34225779.0,neurosci,True,1.0,99.0
10.1186/s10194-021-01275-x,34225669.0,neurosci,False,,
10.1007/s12975-021-00927-z,34224107.0,neurosci,False,,
10.1007/s12975-021-00916-2,34224106.0,neurosci,False,,
10.1093/sleep/zsab033,34223903.0,neurosci,False,,
10.1093/brain/awab234,34219164.0,neurosci,False,,
10.3389/fncel.2021.695899,34290592.0,neurosci,False,,
10.1038/s41386-021-01068-5,34226656.0,neurosci,False,,
10.1038/s41386-021-01074-7,34226657.0,neurosci,False,,
10.1038/s41380-021-01197-9,34226666.0,neurosci,False,,
10.3389/fnagi.2021.657308,34290599.0,neurosci,False,,
10.1038/s41562-021-01153-1,34226709.0,neurosci,False,,
10.1016/j.neubiorev.2021.06.044,34237390.0,neurosci,False,,
10.3389/fnagi.2021.644611,34290598.0,neurosci,False,,
10.3389/fnagi.2021.702739,34290600.0,neurosci,False,,
10.3389/fnmol.2021.695873,34290588.0,neurosci,False,,
10.3389/fnmol.2021.693967,34290587.0,neurosci,True,1.0,99.0
10.1016/j.neuron.2021.06.009,34228961.0,neurosci,False,,
10.3389/fncel.2021.674123,34290590.0,neurosci,False,,
10.1016/j.neuron.2021.06.004,34228960.0,neurosci,False,,
10.3389/fnagi.2021.620763,34295237.0,neurosci,False,,
10.1111/ene.15008,34224187.0,neurosci,False,,
10.3389/fnagi.2021.617947,34290597.0,neurosci,False,,
10.3389/fncel.2021.641802,34290589.0,neurosci,False,,
10.3389/fncel.2021.682272,34290591.0,neurosci,False,,
10.1038/s41562-021-01154-0,34226708.0,neurosci,False,,
10.1016/j.neuron.2021.06.008,34228959.0,neurosci,False,,
10.1016/j.neuroimage.2021.118331,34237444.0,neurosci,False,,
10.3389/fnagi.2021.703434,34290601.0,neurosci,False,,
10.1088/1741-2552/ac0d41,34153948.0,neurosci,False,,
10.1088/1741-2552/ac0b51,34130268.0,neurosci,False,,
10.1093/cercor/bhab208,34223882.0,neurosci,False,,
10.1093/cercor/bhab207,34223874.0,neurosci,False,,
10.1111/jnc.15451,34109634.0,neurosci,False,,
10.1093/cercor/bhab203,34223875.0,neurosci,True,1.0,99.0
10.1111/jnc.15449,34107061.0,neurosci,False,,
10.1088/1741-2552/ac07bd,34082405.0,neurosci,False,,
10.1111/jnc.15379,33930191.0,neurosci,False,,
10.1186/s12974-021-02194-z,34218792.0,neurosci,True,1.0,99.0
10.1007/s12559-021-09907-9,,neurosci,False,,
10.1186/s12974-021-02169-0,34218796.0,neurosci,False,,
10.1111/bpa.12996,34218486.0,neurosci,False,,
10.1016/j.neunet.2021.06.028,34273616.0,neurosci,False,,
10.1016/j.neuroimage.2021.118365,34233220.0,neurosci,False,,
10.1111/jnc.15463,34218440.0,neurosci,False,,
10.1111/bdi.13112,34218509.0,neurosci,False,,
10.3233/jpd-202421,34250948.0,neurosci,True,1.0,99.0
10.1093/sleep/zsab168,34216467.0,neurosci,False,,
10.1186/s40478-021-01223-5,34217376.0,neurosci,True,1.0,99.0
10.1186/s13195-021-00866-9,34217363.0,neurosci,False,,
10.1007/s12035-021-02459-x,34218417.0,neurosci,True,1.0,99.0
10.1016/j.neuroimage.2021.118333,34229063.0,neurosci,False,,
10.1111/ene.15006,34216532.0,neurosci,False,,
10.1016/j.jpain.2021.06.011,34229074.0,neurosci,False,,
10.1016/j.biopsych.2021.06.020,34433512.0,neurosci,False,,
10.1016/j.dcn.2021.100984,34246062.0,neurosci,False,,
10.1007/s12975-021-00919-z,34216000.0,neurosci,False,,
10.1016/j.neuroimage.2021.118328,34224852.0,neurosci,False,,
10.1111/jnc.15462,34216036.0,neurosci,True,0.0,21.0
10.1016/j.dcn.2021.100986,34242880.0,neurosci,False,,
10.1016/j.jpain.2021.06.009,34229073.0,neurosci,False,,
10.1111/ene.15004,34216520.0,neurosci,False,,
10.1016/j.nbd.2021.105441,34224862.0,neurosci,True,1.0,99.0
10.1111/ene.15003,34216521.0,neurosci,False,,
10.1093/brain/awab227,34215872.0,neurosci,False,,
10.1016/j.brs.2021.07.002,34229115.0,neurosci,False,,
10.1007/s12559-021-09867-0,,neurosci,False,,
10.1111/bdi.13111,34216081.0,neurosci,False,,
10.1111/ene.14983,34133837.0,neurosci,False,,
10.1097/j.pain.0000000000002431,34382607.0,neurosci,False,,
10.1097/j.pain.0000000000002381,34232928.0,neurosci,False,,
10.1097/j.pain.0000000000002391,34232927.0,neurosci,False,,
10.1097/j.pain.0000000000002390,34232926.0,neurosci,False,,
10.1093/sleep/zsab164,34214173.0,neurosci,False,,
10.1093/sleep/zsab167,34214165.0,neurosci,False,,
10.1186/s13024-021-00468-x,34215303.0,neurosci,True,1.0,99.0
10.1016/j.pneurobio.2021.102117,34224808.0,neurosci,False,,
10.1186/s13024-021-00464-1,34215298.0,neurosci,True,1.0,99.0
10.1212/nxi.0000000000001050,34215683.0,neurosci,False,,
10.1186/s13024-021-00428-5,34215308.0,neurosci,False,,
10.1186/s40478-021-01214-6,34215338.0,neurosci,False,,
10.1186/s12987-021-00263-2,34215285.0,neurosci,False,,
10.1007/s12035-021-02466-y,34213723.0,neurosci,False,,
10.1007/s12035-021-02470-2,34213722.0,neurosci,False,,
10.1177/13524585211026272,34212816.0,neurosci,False,,
10.1177/13524585211024978,34212756.0,neurosci,False,,
10.1177/13524585211024162,34212755.0,neurosci,False,,
10.1177/13524585211025780,34212754.0,neurosci,False,,
10.1111/bdi.13110,34214231.0,neurosci,False,,
10.3389/fnagi.2021.661505,34276337.0,neurosci,True,1.0,99.0
10.1016/j.ynstr.2021.100363,34277897.0,neurosci,False,,
10.1016/j.bbi.2021.06.017,34224822.0,neurosci,True,1.0,99.0
10.3389/fnmol.2021.672614,34276305.0,neurosci,True,0.0,21.0
10.1016/j.neuroimage.2021.118324,34217787.0,neurosci,False,,
10.1016/j.neuroimage.2021.118327,34224853.0,neurosci,False,,
10.1016/j.pneurobio.2021.102116,34217822.0,neurosci,False,,
10.1016/j.brs.2021.06.015,34224868.0,neurosci,False,,
10.3389/fnagi.2021.654978,34276336.0,neurosci,False,,
10.1016/j.bpsc.2021.06.011,34224907.0,neurosci,False,,
10.1038/s41386-021-01078-3,34215842.0,neurosci,False,,
10.1016/j.bbi.2021.06.015,34224823.0,neurosci,True,1.0,99.0
10.1038/s41531-021-00198-3,34215735.0,neurosci,True,0.0,21.0
10.1016/j.neuroimage.2021.118332,34224851.0,neurosci,False,,
10.3389/fncel.2021.691067,34276311.0,neurosci,False,,
10.1016/j.neunet.2021.06.027,34273615.0,neurosci,False,,
10.3389/fnagi.2021.681998,34276341.0,neurosci,False,,
10.1007/s12035-021-02472-0,34212304.0,neurosci,False,,
10.1016/j.neubiorev.2021.06.029,34224789.0,neurosci,False,,
10.1016/j.bbi.2021.06.018,34224821.0,neurosci,False,,
10.1111/bdi.13108,34214219.0,neurosci,False,,
10.1002/ana.26145,34173267.0,neurosci,False,,
10.1088/1741-2552/ac0d43,34153955.0,neurosci,False,,
10.1088/1741-2552/ac0bfa,34134091.0,neurosci,False,,
10.1088/1741-2552/ac0b50,34130271.0,neurosci,False,,
10.1088/1741-2552/ac0b52,34130267.0,neurosci,False,,
10.1111/ene.14964,34115915.0,neurosci,False,,
10.1002/ana.26144,34114269.0,neurosci,False,,
10.1111/ene.14958,34091969.0,neurosci,False,,
10.1503/jpn.210028,34609949.0,neurosci,False,,
10.1503/jpn.200226,34346201.0,neurosci,False,,
10.1503/jpn.200128,34346200.0,neurosci,False,,
10.1503/jpn.200213,34318655.0,neurosci,False,,
10.1503/jpn.200238,34291629.0,neurosci,False,,
10.1503/jpn.200165,34291628.0,neurosci,False,,
10.1503/jpn.200197,34291627.0,neurosci,False,,
10.1097/j.pain.0000000000002393,34224499.0,neurosci,False,,
10.1503/jpn.210026,34223743.0,neurosci,False,,
10.1503/jpn.200214,34223742.0,neurosci,False,,
10.1503/jpn.200176,34223741.0,neurosci,False,,
10.1212/nxi.0000000000001030,34210800.0,neurosci,False,,
10.1212/nxi.0000000000001025,34210799.0,neurosci,False,,
10.1523/jneurosci.2255-20.2021,34210784.0,neurosci,False,,
10.1523/jneurosci.0693-20.2021,34210783.0,neurosci,False,,
10.1523/jneurosci.0419-21.2021,34210782.0,neurosci,False,,
10.1523/jneurosci.0452-20.2021,34210781.0,neurosci,False,,
10.1523/jneurosci.3005-20.2021,34210780.0,neurosci,False,,
10.1523/jneurosci.2059-20.2021,34210779.0,neurosci,True,1.0,99.0
10.1523/jneurosci.2619-20.2021,34210778.0,neurosci,True,1.0,99.0
10.1523/jneurosci.1685-20.2021,34210777.0,neurosci,False,,
10.1523/jneurosci.0830-21.2021,34210776.0,neurosci,False,,
10.1093/sleep/zsab162,34197610.0,neurosci,False,,
10.1177/13524585211019243,34197237.0,neurosci,False,,
10.1186/s13195-021-00851-2,34210365.0,neurosci,False,,
10.1186/s13229-021-00454-6,34210360.0,neurosci,False,,
10.1186/s10194-021-01269-9,34210258.0,neurosci,False,,
10.1007/s12975-021-00922-4,34196953.0,neurosci,False,,
10.1093/brain/awab246,34196695.0,neurosci,False,,
10.1093/brain/awab251,34196664.0,neurosci,True,1.0,99.0
10.1038/s41531-021-00196-5,34210990.0,neurosci,False,,
10.1038/s41562-021-01147-z,34211147.0,neurosci,False,,
10.1038/s41386-021-01077-4,34211106.0,neurosci,False,,
10.1016/j.neuroimage.2021.118323,34216774.0,neurosci,False,,
10.1111/bpa.13001,34196429.0,neurosci,False,,
10.3389/fnagi.2021.684289,34276342.0,neurosci,False,,
10.3389/fnmol.2021.708004,34276306.0,neurosci,False,,
10.3389/fnmol.2021.670513,34276304.0,neurosci,False,,
10.3389/fnagi.2021.698865,34276348.0,neurosci,False,,
10.3389/fnagi.2021.676827,34276340.0,neurosci,False,,
10.3389/fnagi.2021.684689,34276344.0,neurosci,False,,
10.1038/s41562-021-01156-y,34211151.0,neurosci,False,,
10.1038/s41562-021-01145-1,34211148.0,neurosci,False,,
10.1038/s41380-021-01204-z,34211121.0,neurosci,False,,
10.1038/s41562-021-01135-3,34211149.0,neurosci,False,,
10.1038/s41562-021-01162-0,34211150.0,neurosci,False,,
10.1038/s41386-021-01081-8,34211105.0,neurosci,False,,
10.1016/j.neunet.2021.06.024,34280609.0,neurosci,False,,
10.1016/j.bbi.2021.06.009,34217811.0,neurosci,False,,
10.1016/j.neubiorev.2021.05.033,34217746.0,neurosci,False,,
10.1016/j.dcn.2021.100983,34265630.0,neurosci,False,,
10.1016/j.biopsych.2021.06.017,34425966.0,neurosci,True,1.0,99.0
10.3389/fnagi.2021.700280,34276349.0,neurosci,False,,
10.3389/fnmol.2021.665800,34276303.0,neurosci,True,1.0,99.0
10.3389/fnagi.2021.684501,34276343.0,neurosci,False,,
10.3389/fnagi.2021.690854,34276345.0,neurosci,False,,
10.3389/fnagi.2021.701499,34276350.0,neurosci,False,,
10.3389/fncel.2021.703944,34276313.0,neurosci,False,,
10.3389/fncel.2021.683769,34276309.0,neurosci,True,1.0,99.0
10.3389/fnagi.2021.696735,34276347.0,neurosci,False,,
10.3389/fnagi.2021.674688,34276338.0,neurosci,True,1.0,99.0
10.1093/brain/awab236,34196700.0,neurosci,False,,
10.1088/1741-2552/ac0b33,34126595.0,neurosci,False,,
10.1093/cercor/bhab201,34196669.0,neurosci,True,1.0,99.0
10.1093/brain/awab208,34196698.0,neurosci,False,,
10.1016/j.neuron.2021.07.001,34293292.0,neurosci,False,,
10.1016/j.neuron.2021.06.031,34293287.0,neurosci,False,,
10.1016/j.neuron.2021.06.027,34293289.0,neurosci,False,,
10.1016/j.neuron.2021.06.029,34293290.0,neurosci,False,,
10.1016/j.neuron.2021.06.024,34293288.0,neurosci,False,,
10.1016/j.neuron.2021.06.025,34293291.0,neurosci,False,,
10.1016/j.neuron.2021.06.022,34237275.0,neurosci,False,,
10.1016/j.neuron.2021.06.006,34237279.0,neurosci,False,,
10.1016/j.neuron.2021.06.002,34237278.0,neurosci,False,,
10.1016/j.neuron.2021.06.011,34237276.0,neurosci,False,,
10.1016/j.neuron.2021.06.017,34237277.0,neurosci,False,,
10.1016/j.bpsc.2021.04.006,34243950.0,neurosci,False,,
10.1016/j.bpsc.2021.04.003,34243949.0,neurosci,False,,
10.1016/s2451-9022(21)00153-1,,neurosci,False,,
10.1016/j.bpsc.2021.03.012,34243948.0,neurosci,False,,
10.1111/bpa.12999,34196052.0,neurosci,False,,
10.1111/bpa.12856,,neurosci,False,,
10.1111/bpa.12958,34196990.0,neurosci,False,,
10.1111/bpa.12956,34196989.0,neurosci,False,,
10.1111/bpa.12964,34196986.0,neurosci,False,,
10.1111/bpa.12975,34196985.0,neurosci,False,,
10.1111/bpa.12965,34196987.0,neurosci,False,,
10.1111/bpa.12963,34196984.0,neurosci,False,,
10.1016/j.biopsych.2021.05.010,34210386.0,neurosci,False,,
10.1016/s0006-3223(21)01345-7,,neurosci,False,,
10.1016/j.biopsych.2021.05.007,34210387.0,neurosci,False,,
10.1097/j.pain.0000000000002251,34130313.0,neurosci,False,,
10.1097/j.pain.0000000000002250,34130312.0,neurosci,False,,
10.1016/s0006-3223(21)01308-1,,neurosci,False,,
10.1016/j.biopsych.2021.04.021,34140118.0,neurosci,False,,
10.1016/j.biopsych.2021.04.013,34140120.0,neurosci,False,,
10.1016/j.biopsych.2021.04.017,34140122.0,neurosci,False,,
10.1016/j.biopsych.2021.04.001,34140121.0,neurosci,False,,
10.1016/j.biopsych.2021.05.004,34140119.0,neurosci,False,,
10.1111/ene.14963,34117676.0,neurosci,False,,
10.1111/ene.14962,34114701.0,neurosci,False,,
10.1016/s0889-1591(21)00207-5,,neurosci,False,,
10.1016/s0893-6080(21)00179-9,,neurosci,False,,
10.1016/s0893-6080(21)00178-7,,neurosci,False,,
